acinum,year,loc1,loc2,time02,time04,time06,time08,time10,time12,time14,time16,time18,time20,time22,22~24
1,2007,서울,종로구,,,1,7,5,3,6,5,2,8,5,1
2,2007,서울,중구,,1,,2,4,2,2,6,6,3,2,
3,2007,서울,용산구,2,,1,,3,3,2,2,4,5,4,4
4,2007,서울,성동구,,1,,11,18,12,9,9,20,17,9,10
5,2007,서울,동대문구,3,2,4,13,19,15,16,21,16,23,8,9
6,2007,서울,성북구,1,2,1,5,11,11,7,10,9,7,11,4
7,2007,서울,도봉구,2,1,4,3,11,2,7,12,12,16,5,5
8,2007,서울,은평구,3,,3,8,11,11,13,12,22,11,11,7
9,2007,서울,서대문구,1,1,1,5,4,7,2,2,6,8,2,3
10,2007,서울,마포구,1,2,2,12,14,12,16,11,17,10,9,5
11,2007,서울,강서구,6,5,5,11,12,17,6,18,16,23,13,12
12,2007,서울,구로구,3,1,5,10,15,8,6,9,15,19,9,7
13,2007,서울,영등포구,,4,6,11,29,12,10,17,26,15,16,13
14,2007,서울,동작구,1,,4,3,6,2,5,12,8,3,3,
15,2007,서울,관악구,2,,2,9,5,2,7,7,12,11,10,5
16,2007,서울,강남구,3,,2,6,16,8,5,7,9,8,11,6
17,2007,서울,강동구,4,1,4,18,18,14,16,17,33,23,11,8
18,2007,서울,송파구,9,6,8,18,27,30,18,32,33,32,34,19
19,2007,서울,서초구,2,,,3,9,4,4,6,5,9,7,5
20,2007,서울,양천구,2,,3,12,21,5,19,13,18,13,9,9
21,2007,서울,중랑구,5,3,5,13,20,14,14,16,23,21,21,12
22,2007,서울,노원구,4,2,5,17,16,19,9,24,27,27,17,10
23,2007,서울,광진구,1,2,5,11,27,13,19,18,22,19,18,15
24,2007,서울,강북구,2,2,4,15,4,5,5,5,9,10,4,7
25,2007,서울,금천구,,1,1,4,10,4,,10,5,6,7,
26,2007,부산,중구,1,,,,1,,1,2,1,3,,1
27,2007,부산,서구,,,,,3,,1,2,1,2,,2
28,2007,부산,동구,,,,1,1,,1,1,2,3,2,
29,2007,부산,영도구,,1,,1,,,,1,,1,1,
30,2007,부산,진구,,1,,4,5,4,2,3,3,2,4,5
31,2007,부산,동래구,1,,,7,2,2,1,2,5,11,2,1
32,2007,부산,남구,,,1,3,4,4,3,1,5,5,1,3
33,2007,부산,북구,1,,,1,,1,2,1,3,2,,
34,2007,부산,해운대구,1,,,3,3,2,5,7,5,2,2,2
35,2007,부산,사하구,1,,2,6,3,3,2,2,7,8,2,2
36,2007,부산,금정구,,,1,3,1,2,1,3,2,1,1,2
37,2007,부산,강서구,,,,2,2,3,1,2,1,5,,2
38,2007,부산,연제구,2,1,,2,5,2,1,3,4,1,4,1
39,2007,부산,수영구,1,,1,3,2,3,3,1,2,2,3,2
40,2007,부산,사상구,,,1,4,4,2,3,3,8,7,4,5
41,2007,부산,기장군,,,,1,,1,3,2,1,1,1,
42,2007,대구,중구,,1,1,8,14,10,9,11,7,10,5,5
43,2007,대구,동구,3,1,,8,12,19,21,13,13,23,11,9
44,2007,대구,서구,6,,1,8,19,7,12,17,14,24,9,6
45,2007,대구,남구,,1,1,10,10,3,5,8,9,14,3,3
46,2007,대구,북구,5,3,4,18,36,22,29,36,24,43,25,7
47,2007,대구,수성구,7,1,4,15,25,17,15,24,23,22,17,5
48,2007,대구,달서구,6,1,2,26,32,10,17,32,35,28,17,21
49,2007,대구,달성군,,,,2,1,1,4,2,5,7,1,
50,2007,인천,중구,,,1,2,,,,2,3,3,2,
51,2007,인천,동구,,,,3,3,,2,1,1,1,2,
52,2007,인천,남구,,1,5,2,11,5,3,6,8,13,3,3
53,2007,인천,부평구,2,2,9,16,15,6,10,16,28,25,20,12
54,2007,인천,남동구,3,2,3,8,18,7,7,10,17,14,3,8
55,2007,인천,서구,1,,,4,8,4,3,6,8,7,3,2
56,2007,인천,연수구,1,,1,6,9,2,7,9,7,10,3,4
57,2007,인천,계양구,1,1,2,7,10,7,8,8,18,11,6,6
58,2007,인천,강화군,,,,1,2,,1,1,2,1,1,
59,2007,인천,옹진군,,,,,,,,,1,,,
60,2007,광주,동구,1,1,2,3,6,5,4,3,5,6,4,3
61,2007,광주,서구,2,,4,7,7,9,7,11,14,15,6,5
62,2007,광주,북구,1,2,3,10,13,9,13,15,9,20,14,7
63,2007,광주,광산구,2,,2,10,9,8,7,9,16,17,7,4
64,2007,광주,남구,1,1,1,5,1,7,1,1,6,3,1,1
65,2007,대전,동구,5,1,2,6,14,12,6,12,9,13,11,6
66,2007,대전,중구,2,,2,8,22,10,9,13,7,12,5,4
67,2007,대전,서구,1,2,4,5,12,8,6,10,14,17,8,4
68,2007,대전,유성구,,,3,5,5,5,1,5,7,8,8,2
69,2007,대전,대덕구,1,1,1,5,7,6,4,4,8,4,3,3
70,2007,울산,중구,1,,3,8,9,7,2,9,15,12,12,1
71,2007,울산,남구,5,2,1,7,7,8,7,4,8,12,2,4
72,2007,울산,동구,,1,,7,2,4,4,3,2,8,3,1
73,2007,울산,북구,,1,1,13,5,,2,1,4,11,9,3
74,2007,울산,울주군,,,,1,2,4,2,2,5,6,2,
75,2007,경기,수원시,3,1,7,15,30,20,24,23,30,33,21,15
76,2007,경기,성남시,4,4,4,5,11,9,4,10,9,12,4,1
77,2007,경기,의정부시,2,2,6,8,15,11,15,17,12,16,17,10
78,2007,경기,안양시,2,3,2,3,14,9,10,12,8,13,11,7
79,2007,경기,부천시,4,3,6,19,47,18,18,26,30,30,31,15
80,2007,경기,안산시,1,2,2,15,10,13,13,18,18,15,17,5
81,2007,경기,평택시,3,,3,8,10,5,8,5,12,15,10,4
82,2007,경기,광명시,,,4,4,4,3,5,2,4,5,3,1
83,2007,경기,구리시,1,,,3,1,3,2,10,4,3,3,3
84,2007,경기,양주시,,1,,,5,5,1,2,4,5,4,1
85,2007,경기,여주시,,,,1,1,,2,,3,5,1,
86,2007,경기,화성시,,1,1,1,6,3,3,3,7,5,2,
87,2007,경기,시흥시,3,1,2,8,14,4,8,9,8,14,5,3
88,2007,경기,파주시,,1,,2,6,6,6,4,7,8,2,2
89,2007,경기,고양시,4,2,5,18,21,15,12,35,38,34,19,9
90,2007,경기,광주시,1,,,1,5,1,9,1,4,1,4,
91,2007,경기,연천군,,,,,,1,2,2,,1,,
92,2007,경기,포천시,,,,3,1,2,3,,6,9,2,2
93,2007,경기,가평군,,,,1,1,2,2,6,2,4,2,1
94,2007,경기,양평군,1,,,,3,1,1,2,3,4,2,1
95,2007,경기,이천시,,,,,3,1,1,5,7,7,,3
96,2007,경기,용인시,3,1,1,5,3,3,7,5,8,9,5,4
97,2007,경기,안성시,,,,4,5,5,1,1,6,2,1,2
98,2007,경기,김포시,2,,1,1,1,4,3,5,5,6,,2
99,2007,경기,동두천시,1,,,1,7,5,8,1,9,7,3,2
100,2007,경기,과천시,,,,1,2,1,1,2,1,3,,1
101,2007,경기,군포시,,,4,1,1,1,2,3,2,10,3,1
102,2007,경기,남양주시,,,1,3,7,3,5,2,5,6,5,1
103,2007,경기,오산시,,,3,,,1,3,2,6,9,2,
104,2007,경기,의왕시,,,,1,,1,,1,1,2,1,1
105,2007,경기,하남시,,,2,3,5,7,5,5,6,2,2,1
106,2007,강원,춘천시,1,,1,6,15,9,13,13,10,16,10,5
107,2007,강원,원주시,1,,1,10,13,12,9,9,16,20,4,6
108,2007,강원,동해시,,1,,1,,1,1,1,,,2,
109,2007,강원,강릉시,1,,2,3,3,4,5,5,7,7,1,2
110,2007,강원,속초시,,,,,2,5,2,2,1,4,1,1
111,2007,강원,태백시,,,,,1,2,,3,2,2,,
112,2007,강원,삼척시,1,1,,2,4,3,3,4,6,3,4,1
113,2007,강원,홍천군,,,,1,2,1,1,2,2,2,2,
114,2007,강원,횡성군,,,1,,,1,2,2,1,1,1,
115,2007,강원,영월군,,,,,,3,,1,,,2,
116,2007,강원,평창군,,,,,,1,,2,1,1,1,
117,2007,강원,정선군,,,,,,1,,1,,1,,
118,2007,강원,철원군,,,1,1,2,,4,,4,2,2,
119,2007,강원,화천군,,,,,1,,,,1,2,1,
120,2007,강원,양구군,,,,,1,1,,1,,,,
121,2007,강원,인제군,,,,,,,,4,1,,,
122,2007,강원,고성군,,,,,,,1,,,,,1
123,2007,강원,양양군,,,1,1,2,1,1,1,1,,1,
124,2007,충북,청주시,4,1,2,17,25,24,26,24,39,25,22,13
125,2007,충북,충주시,,,1,3,12,12,6,15,11,6,3,4
126,2007,충북,제천시,,,2,4,5,4,2,3,3,5,1,
127,2007,충북,청원군,1,,,2,4,1,2,6,5,4,,1
128,2007,충북,보은군,,,,,,2,2,2,3,4,1,
129,2007,충북,옥천군,,,,1,2,2,,2,2,4,,
130,2007,충북,영동군,,,,,1,,1,2,1,4,,
131,2007,충북,진천군,,,,4,4,1,,2,5,7,2,
132,2007,충북,괴산군,,,,,1,,,,2,,,
133,2007,충북,음성군,,,,2,2,2,6,2,5,9,2,
134,2007,충북,단양군,,,,,,,,,2,1,1,
135,2007,충북,증평군,,,,1,,,,1,,2,1,
136,2007,충남,천안시,1,,1,8,12,9,5,10,10,12,5,4
137,2007,충남,아산시,,,,1,3,1,3,2,4,5,1,2
138,2007,충남,보령시,2,,1,,2,,5,6,5,6,3,2
139,2007,충남,공주시,,1,1,1,1,3,,3,3,4,1,
140,2007,충남,서산시,,,,3,6,2,,1,2,5,2,3
141,2007,충남,금산군,,,,,3,1,1,,3,,3,
142,2007,충남,태안군,1,,1,,3,1,1,3,2,,2,1
143,2007,충남,연기군,,,1,,2,4,3,,6,2,3,2
144,2007,충남,논산시,,,1,1,4,4,4,9,6,5,3,2
145,2007,충남,부여군,1,1,1,2,3,6,,1,2,5,,1
146,2007,충남,서천군,,,,4,2,5,4,5,3,4,,1
147,2007,충남,청양군,,,,,,2,1,1,4,1,,
148,2007,충남,홍성군,,,,1,2,,,2,3,2,1,1
149,2007,충남,예산군,1,,,2,3,1,,4,10,4,2,2
150,2007,충남,당진시,,,,3,1,1,2,2,1,5,,1
151,2007,충남,계룡시,,,,,,,1,,,2,,1
152,2007,전북,전주시,4,,4,22,31,17,25,23,35,31,22,11
153,2007,전북,군산시,2,,2,8,16,12,15,14,17,7,4,6
154,2007,전북,정읍시,1,3,,3,10,8,7,12,7,17,6,2
155,2007,전북,남원시,1,,2,1,8,6,8,7,16,19,3,2
156,2007,전북,김제시,,,,1,2,6,2,2,4,4,4,1
157,2007,전북,완주군,,,,3,1,1,2,,2,5,1,
158,2007,전북,진안군,,,,,,1,1,1,,,2,
159,2007,전북,무주군,,,,,,,,,2,2,,
160,2007,전북,장수군,,,,2,,,,,,,1,
161,2007,전북,임실군,,,,,,,2,1,1,1,,
162,2007,전북,순창군,,,,,1,1,1,,1,1,2,1
163,2007,전북,고창군,,,,,1,,1,1,2,1,,
164,2007,전북,부안군,,,,1,,3,3,2,6,4,1,1
165,2007,전북,익산시,1,1,2,7,5,6,9,10,14,20,11,4
166,2007,전남,목포시,1,,1,10,8,6,7,11,13,14,8,4
167,2007,전남,여수시,,,,5,3,,4,5,1,3,3,2
168,2007,전남,순천시,2,,,2,8,2,16,5,13,11,7,1
169,2007,전남,나주시,1,1,1,,4,6,6,2,5,6,3,
170,2007,전남,광양시,2,,,2,3,1,2,6,3,11,7,1
171,2007,전남,담양군,,,,,1,1,,1,,4,2,
172,2007,전남,곡성군,,,,,1,,2,2,1,2,,
173,2007,전남,구례군,,,,,,2,2,,,,1,
174,2007,전남,고흥군,,,1,,,1,3,3,1,5,1,
175,2007,전남,보성군,,,,,,,2,1,,1,1,
176,2007,전남,화순군,,,,1,1,1,1,1,4,3,,
177,2007,전남,장흥군,,,,1,3,,,2,2,2,,1
178,2007,전남,강진군,,,,1,3,,1,2,1,2,,1
179,2007,전남,해남군,,,1,,2,1,1,2,1,,,
180,2007,전남,영암군,,,1,1,4,2,1,1,2,3,1,
181,2007,전남,무안군,,,,,,,,2,2,2,,
182,2007,전남,함평군,,,,,,1,1,1,1,1,,
183,2007,전남,영광군,,,,,,1,1,,,2,1,
184,2007,전남,장성군,,,,,1,2,2,2,2,2,,
185,2007,전남,완도군,,,,1,1,,1,,1,1,1,
186,2007,전남,진도군,,,,,1,,1,1,,,,
187,2007,전남,신안군,,,,2,1,,,,,1,,
188,2007,경북,포항시,2,3,1,13,20,21,10,25,35,23,15,10
189,2007,경북,경주시,3,,1,8,14,18,19,16,25,26,15,5
190,2007,경북,김천시,,,2,5,1,4,4,7,5,4,2,1
191,2007,경북,안동시,,,,3,4,4,2,5,5,6,,3
192,2007,경북,구미시,3,,,12,23,11,8,13,14,15,9,7
193,2007,경북,영주시,,1,,4,5,11,6,8,21,13,11,3
194,2007,경북,영천시,,,2,2,,2,4,4,7,9,2,
195,2007,경북,문경시,,1,,1,2,3,5,4,11,5,2,
196,2007,경북,상주시,1,,2,4,13,10,5,7,9,13,5,4
197,2007,경북,군위군,,,,,2,,1,1,2,,,
198,2007,경북,의성군,,,2,1,1,1,1,1,3,2,,
199,2007,경북,청송군,,,,,,,,,1,,,
200,2007,경북,영양군,,,,,,,,,2,2,,
201,2007,경북,영덕군,,,1,,3,2,3,1,2,2,4,
202,2007,경북,청도군,,,,1,4,4,2,4,1,3,1,
203,2007,경북,고령군,,,1,1,2,4,,,2,2,,2
204,2007,경북,성주군,1,,,1,3,2,3,3,5,3,1,
205,2007,경북,칠곡군,,1,,1,1,1,,4,6,7,4,
206,2007,경북,예천군,,,,,1,1,,,5,4,1,
207,2007,경북,봉화군,,,,,1,2,,1,,2,,
208,2007,경북,울진군,,,,2,1,2,2,1,3,2,1,1
209,2007,경북,울릉군,,,,,,,,,,1,,
210,2007,경북,경산시,1,,2,11,13,11,8,12,11,15,9,5
211,2007,경남,마산시,,2,,1,2,4,4,6,5,5,3,1
212,2007,경남,진주시,2,,1,3,11,4,14,14,7,10,8,9
213,2007,경남,창원시,3,,3,14,19,10,10,15,18,14,15,5
214,2007,경남,진해시,1,,,4,4,4,6,3,5,7,2,1
215,2007,경남,통영시,,,1,2,3,,1,2,2,5,1,1
216,2007,경남,김해시,1,,1,3,9,3,10,7,19,8,7,3
217,2007,경남,밀양시,,,,,2,1,1,4,2,5,,
218,2007,경남,거제시,1,1,,9,1,2,3,1,2,8,1,5
219,2007,경남,의령군,,,,1,2,2,2,2,4,3,,1
220,2007,경남,함안군,,,,,,3,2,3,2,,,1
221,2007,경남,창녕군,1,,,2,4,3,2,,3,2,,
222,2007,경남,양산시,1,,,2,1,4,2,2,2,1,1,
223,2007,경남,고성군,,,,,,,,1,1,,1,
224,2007,경남,사천시,,,1,,4,2,2,4,2,4,,
225,2007,경남,남해군,,,,,,1,1,,,1,,
226,2007,경남,하동군,,,,,1,2,1,,1,1,,
227,2007,경남,산청군,,,,1,,,1,2,,2,,2
228,2007,경남,함양군,,,,,1,1,1,,3,2,1,
229,2007,경남,거창군,1,,,,3,,,3,1,2,,2
230,2007,경남,합천군,,,,,,1,2,2,2,1,2,
231,2007,경남,창원시(통합),,,,,,,,,,,,
232,2007,제주,제주시,,,,7,14,12,12,16,21,10,4,5
233,2007,제주,서귀포시,,,,,1,4,4,4,4,3,2,1
234,2008,서울,종로구,2,2,1,5,5,5,3,2,6,10,5,4
235,2008,서울,중구,2,1,,3,5,5,5,3,6,5,2,2
236,2008,서울,용산구,,,1,3,4,5,3,3,3,6,3,3
237,2008,서울,성동구,4,2,7,10,22,12,13,17,14,13,9,8
238,2008,서울,동대문구,7,3,6,13,28,12,21,16,38,23,12,14
239,2008,서울,성북구,3,2,4,8,11,7,11,13,13,15,6,9
240,2008,서울,도봉구,4,,6,7,15,12,8,13,18,17,16,7
241,2008,서울,은평구,5,1,6,13,20,6,24,13,29,20,18,17
242,2008,서울,서대문구,,4,,4,6,1,5,3,6,6,7,3
243,2008,서울,마포구,7,4,4,11,21,8,14,20,23,16,14,12
244,2008,서울,강서구,3,7,7,17,23,25,19,15,32,39,34,14
245,2008,서울,구로구,7,3,7,8,27,10,10,15,18,15,14,9
246,2008,서울,영등포구,7,6,12,19,28,26,9,21,25,38,22,9
247,2008,서울,동작구,2,1,4,2,6,5,8,8,6,5,7,5
248,2008,서울,관악구,4,2,3,5,16,12,11,8,20,9,11,7
249,2008,서울,강남구,2,,4,8,15,6,11,16,13,17,5,6
250,2008,서울,강동구,8,3,10,21,27,19,20,25,26,33,28,22
251,2008,서울,송파구,13,5,11,26,39,23,28,31,34,25,22,14
252,2008,서울,서초구,1,2,3,5,8,6,4,11,10,7,9,8
253,2008,서울,양천구,4,5,11,21,25,14,15,21,22,29,22,9
254,2008,서울,중랑구,9,2,11,15,29,22,15,17,24,22,26,13
255,2008,서울,노원구,6,3,6,25,21,8,13,20,26,31,10,11
256,2008,서울,광진구,1,1,2,17,24,15,19,30,22,25,28,16
257,2008,서울,강북구,1,1,2,11,14,4,9,9,20,13,8,4
258,2008,서울,금천구,3,2,3,9,12,5,8,7,6,12,3,2
259,2008,부산,중구,1,,,,1,3,1,1,2,2,,1
260,2008,부산,서구,,,4,,2,,1,,,,2,1
261,2008,부산,동구,1,,1,2,1,1,1,2,2,,2,
262,2008,부산,영도구,,,,1,1,,2,4,1,3,1,
263,2008,부산,진구,1,2,3,4,7,6,2,10,3,7,3,5
264,2008,부산,동래구,,,,4,10,6,2,8,10,8,4,4
265,2008,부산,남구,,,,1,7,2,1,5,4,5,4,2
266,2008,부산,북구,1,,2,1,3,3,,1,5,2,2,1
267,2008,부산,해운대구,1,,1,2,6,7,5,3,11,9,1,5
268,2008,부산,사하구,,,1,6,1,3,1,2,8,9,2,1
269,2008,부산,금정구,,,1,5,4,5,4,6,6,5,1,4
270,2008,부산,강서구,,,,3,5,1,3,7,3,4,,
271,2008,부산,연제구,,,1,3,8,4,1,10,4,10,3,2
272,2008,부산,수영구,,,,3,4,3,5,3,8,6,7,3
273,2008,부산,사상구,2,,1,5,10,11,3,3,7,11,5,1
274,2008,부산,기장군,,,1,,1,,2,2,2,1,,1
275,2008,대구,중구,,,3,4,12,9,6,13,17,14,10,7
276,2008,대구,동구,3,,5,13,21,22,18,19,21,17,13,7
277,2008,대구,서구,1,2,3,13,26,9,10,12,21,18,9,7
278,2008,대구,남구,2,1,2,8,13,2,7,3,7,9,12,8
279,2008,대구,북구,6,1,6,28,29,20,40,34,41,46,30,9
280,2008,대구,수성구,2,2,1,20,26,24,16,23,38,27,21,12
281,2008,대구,달서구,5,1,5,15,31,18,22,32,45,38,26,16
282,2008,대구,달성군,,,,4,5,2,6,2,3,5,3,2
283,2008,인천,중구,,,2,2,3,3,1,5,6,4,2,
284,2008,인천,동구,1,,,2,2,1,,1,4,2,,
285,2008,인천,남구,3,1,3,8,12,4,10,10,14,6,6,6
286,2008,인천,부평구,4,2,11,16,22,16,18,12,24,31,18,15
287,2008,인천,남동구,1,1,6,18,12,10,8,24,22,14,9,9
288,2008,인천,서구,,1,,14,6,5,4,3,8,7,8,4
289,2008,인천,연수구,1,,1,7,12,6,5,4,2,9,3,1
290,2008,인천,계양구,,,5,6,11,2,8,19,22,10,6,5
291,2008,인천,강화군,,,,,,1,2,3,1,2,,
292,2008,인천,옹진군,,,,1,,1,1,,,,,1
293,2008,광주,동구,,,3,3,8,2,6,6,4,7,5,
294,2008,광주,서구,,2,2,10,11,6,9,10,13,10,7,6
295,2008,광주,북구,9,1,3,15,24,13,10,19,13,22,13,11
296,2008,광주,광산구,,1,2,7,9,4,7,16,16,18,11,7
297,2008,광주,남구,,1,3,3,5,5,4,3,6,3,4,1
298,2008,대전,동구,1,,3,9,19,12,16,6,11,13,11,8
299,2008,대전,중구,4,1,4,8,12,9,9,5,18,10,7,5
300,2008,대전,서구,4,1,3,15,16,12,5,15,11,17,10,13
301,2008,대전,유성구,1,,1,4,9,2,9,4,8,7,6,1
302,2008,대전,대덕구,,,2,3,10,8,6,6,16,15,3,2
303,2008,울산,중구,2,,,8,8,6,3,12,21,8,5,4
304,2008,울산,남구,,,,8,12,9,7,7,9,8,13,9
305,2008,울산,동구,1,,,6,,1,,1,3,7,1,1
306,2008,울산,북구,,1,,12,7,1,6,7,7,10,3,3
307,2008,울산,울주군,,,,3,4,1,2,5,10,3,2,
308,2008,경기,수원시,3,,3,23,24,15,18,25,27,44,27,12
309,2008,경기,성남시,2,,2,9,16,10,8,7,12,6,6,8
310,2008,경기,의정부시,2,,6,11,15,10,11,21,17,21,14,4
311,2008,경기,안양시,4,2,2,12,14,12,8,6,12,18,14,6
312,2008,경기,부천시,4,2,8,22,54,27,16,31,35,38,28,26
313,2008,경기,안산시,2,,7,17,18,9,8,16,19,24,21,6
314,2008,경기,평택시,1,,,14,9,5,8,10,22,20,6,3
315,2008,경기,광명시,1,,,3,2,6,2,3,3,8,3,9
316,2008,경기,구리시,1,,,4,4,3,5,5,8,2,5,2
317,2008,경기,양주시,,,2,2,7,7,3,6,7,7,1,
318,2008,경기,여주시,,,,2,,2,1,,3,2,,1
319,2008,경기,화성시,,,1,8,7,,1,7,8,11,2,1
320,2008,경기,시흥시,1,1,2,12,24,8,15,9,23,13,15,7
321,2008,경기,파주시,,,,2,5,4,3,7,7,5,6,5
322,2008,경기,고양시,6,2,2,19,43,26,22,31,35,33,31,15
323,2008,경기,광주시,,,,2,3,5,4,2,6,5,4,1
324,2008,경기,연천군,,1,,,2,,2,2,3,,2,
325,2008,경기,포천시,,,,2,3,6,1,1,3,7,3,1
326,2008,경기,가평군,,,,1,,2,2,4,3,5,2,
327,2008,경기,양평군,,,,2,1,2,3,5,2,1,1,1
328,2008,경기,이천시,,1,2,,2,,,5,4,2,2,
329,2008,경기,용인시,1,,,6,9,6,10,5,7,7,10,3
330,2008,경기,안성시,,,,3,1,2,3,1,5,6,,1
331,2008,경기,김포시,,,,3,2,5,2,5,8,5,1,3
332,2008,경기,동두천시,1,,,,2,3,4,9,9,7,1,
333,2008,경기,과천시,,,,1,2,,1,2,2,,,1
334,2008,경기,군포시,,,,1,3,3,1,4,4,6,6,2
335,2008,경기,남양주시,,1,2,3,3,7,9,4,8,6,4,3
336,2008,경기,오산시,1,,,3,3,1,3,4,7,3,2,4
337,2008,경기,의왕시,,,2,,2,,,2,1,1,3,1
338,2008,경기,하남시,,,1,3,7,2,6,3,6,5,6,5
339,2008,강원,춘천시,1,,2,6,7,13,11,22,13,10,8,1
340,2008,강원,원주시,4,1,2,8,8,8,13,14,17,17,9,2
341,2008,강원,동해시,,,,,1,2,2,2,4,5,3,
342,2008,강원,강릉시,,,1,2,2,3,5,12,9,9,6,3
343,2008,강원,속초시,,,,2,4,1,,3,4,2,3,1
344,2008,강원,태백시,,,,1,1,1,1,,,4,,
345,2008,강원,삼척시,,,2,,1,3,3,7,5,5,1,2
346,2008,강원,홍천군,,,1,,4,2,1,3,4,5,1,
347,2008,강원,횡성군,1,,,2,,,1,1,2,,1,
348,2008,강원,영월군,,,,3,,,,2,1,,1,
349,2008,강원,평창군,,,,,1,,2,2,3,2,,
350,2008,강원,정선군,,,,,2,,,,2,,,
351,2008,강원,철원군,,,,,1,2,,,1,1,2,2
352,2008,강원,화천군,,,,,,,,,1,,,
353,2008,강원,양구군,,,,,,1,,2,,,,
354,2008,강원,인제군,,,,,,,,,1,,,
355,2008,강원,고성군,,,1,,2,1,1,,3,,,
356,2008,강원,양양군,,,1,,1,,,,2,,,
357,2008,충북,청주시,3,1,7,18,34,27,16,49,32,39,29,10
358,2008,충북,충주시,1,,1,4,11,11,5,11,6,12,8,1
359,2008,충북,제천시,,,,2,4,2,3,4,3,3,1,
360,2008,충북,청원군,,,,4,5,7,1,8,6,6,2,3
361,2008,충북,보은군,1,,,1,2,1,2,1,2,6,1,
362,2008,충북,옥천군,,,1,1,1,,,2,3,2,1,
363,2008,충북,영동군,,,,1,1,2,,3,6,3,2,1
364,2008,충북,진천군,,,,,,1,3,1,3,6,2,1
365,2008,충북,괴산군,1,,,,,,1,1,2,1,,
366,2008,충북,음성군,,,,1,2,3,,1,1,3,2,
367,2008,충북,단양군,,,,,,,,,1,,,
368,2008,충북,증평군,,,,1,3,,,1,2,2,,
369,2008,충남,천안시,1,1,5,6,12,12,7,5,12,17,5,7
370,2008,충남,아산시,2,,,3,,2,,5,3,1,1,2
371,2008,충남,보령시,,,,2,6,1,3,3,6,5,2,
372,2008,충남,공주시,,,,1,1,3,1,1,,4,1,1
373,2008,충남,서산시,1,1,1,1,,,1,4,5,3,2,4
374,2008,충남,금산군,,,,1,2,1,2,2,1,4,,
375,2008,충남,태안군,,,,,,1,,1,2,,,1
376,2008,충남,연기군,,1,,4,4,,1,4,3,3,1,1
377,2008,충남,논산시,2,,1,,4,5,7,7,9,13,2,2
378,2008,충남,부여군,,,,2,3,2,2,,5,4,1,
379,2008,충남,서천군,,,,2,8,4,6,1,4,3,3,
380,2008,충남,청양군,,,,2,,3,1,,1,1,,1
381,2008,충남,홍성군,,,,1,3,1,1,1,3,4,4,
382,2008,충남,예산군,,,,2,4,1,1,4,2,7,,
383,2008,충남,당진시,1,,,,1,4,,,3,2,1,
384,2008,충남,계룡시,,,,1,,,1,1,1,,1,
385,2008,전북,전주시,6,5,4,23,29,19,18,27,29,40,15,16
386,2008,전북,군산시,1,,5,10,12,13,12,13,17,15,10,5
387,2008,전북,정읍시,2,,1,5,10,6,6,5,13,11,5,1
388,2008,전북,남원시,,,1,,11,6,9,7,5,12,9,
389,2008,전북,김제시,,,,3,5,3,4,5,8,5,3,1
390,2008,전북,완주군,,1,,3,1,,2,2,5,5,3,2
391,2008,전북,진안군,,,,,,,,,,,,
392,2008,전북,무주군,,,,,,,,,2,3,,
393,2008,전북,장수군,,,,,,,,1,2,,,1
394,2008,전북,임실군,,,,,,,,1,1,3,,
395,2008,전북,순창군,,,,,2,,2,,2,2,,
396,2008,전북,고창군,,,,2,2,3,,2,3,2,2,
397,2008,전북,부안군,,,,1,3,4,2,,3,4,2,
398,2008,전북,익산시,1,,3,11,15,11,10,8,18,15,9,3
399,2008,전남,목포시,2,1,2,10,11,6,5,4,8,9,10,3
400,2008,전남,여수시,,1,1,2,6,8,6,4,7,4,4,
401,2008,전남,순천시,,,,2,6,10,4,11,14,12,2,3
402,2008,전남,나주시,,1,,5,5,5,9,1,5,4,4,
403,2008,전남,광양시,1,,,6,2,4,1,9,7,5,6,3
404,2008,전남,담양군,,,,,1,3,,2,4,8,,
405,2008,전남,곡성군,,,,,1,1,,,2,2,,1
406,2008,전남,구례군,,,,,,,,4,1,1,2,
407,2008,전남,고흥군,,,,,2,3,,4,,1,,
408,2008,전남,보성군,,,,,,,,2,2,1,,1
409,2008,전남,화순군,1,,,3,3,1,1,1,3,1,1,1
410,2008,전남,장흥군,,,,3,2,4,3,2,3,,1,1
411,2008,전남,강진군,,,,,1,,,,3,3,,
412,2008,전남,해남군,,,,,1,,2,1,4,1,1,
413,2008,전남,영암군,,,,2,2,1,1,,2,4,1,
414,2008,전남,무안군,,,1,,3,2,1,1,1,1,,
415,2008,전남,함평군,,,,,,,,1,,,,
416,2008,전남,영광군,,,,,,,1,,1,4,1,
417,2008,전남,장성군,,,,1,2,,1,2,2,3,2,
418,2008,전남,완도군,,,,,,1,,,4,1,1,1
419,2008,전남,진도군,,,,,,,2,1,,,1,
420,2008,전남,신안군,,,,,,,,,,1,,
421,2008,경북,포항시,1,,4,13,19,21,11,26,22,28,14,10
422,2008,경북,경주시,2,2,4,6,17,15,13,14,21,25,15,8
423,2008,경북,김천시,,1,1,6,5,2,6,3,5,4,4,4
424,2008,경북,안동시,,1,1,1,8,5,10,9,7,8,2,1
425,2008,경북,구미시,1,,3,18,23,13,8,20,16,13,10,6
426,2008,경북,영주시,,,2,6,10,9,4,12,16,12,5,2
427,2008,경북,영천시,,,,1,,2,2,4,7,6,3,
428,2008,경북,문경시,,,,2,6,7,6,3,4,5,4,1
429,2008,경북,상주시,,,,4,16,10,7,4,13,14,8,1
430,2008,경북,군위군,,,,,,,,1,2,1,,
431,2008,경북,의성군,,,,2,2,3,3,3,,1,,
432,2008,경북,청송군,,,,,,,1,3,1,,,
433,2008,경북,영양군,,,,,,,2,,2,,,
434,2008,경북,영덕군,1,,1,2,1,,1,1,4,3,1,
435,2008,경북,청도군,1,,,,,,2,1,1,1,,
436,2008,경북,고령군,,,,2,1,1,2,3,6,6,1,
437,2008,경북,성주군,,,,1,,2,2,2,3,5,,1
438,2008,경북,칠곡군,,,,1,1,1,1,4,6,6,1,2
439,2008,경북,예천군,,,,,,1,1,3,4,3,1,
440,2008,경북,봉화군,,,,,2,,1,1,,1,,
441,2008,경북,울진군,,1,,,1,1,1,1,2,1,1,1
442,2008,경북,울릉군,,,,,,,,,,,,
443,2008,경북,경산시,3,1,2,8,12,6,8,14,19,17,3,6
444,2008,경남,마산시,1,1,4,12,14,6,7,8,11,9,10,5
445,2008,경남,진주시,2,2,2,12,11,10,15,10,17,20,9,3
446,2008,경남,창원시,1,1,1,21,25,8,12,15,18,13,12,6
447,2008,경남,진해시,,,,8,2,4,8,3,8,6,4,
448,2008,경남,통영시,,,,2,3,,3,2,1,3,1,
449,2008,경남,김해시,2,1,1,12,13,4,7,10,14,6,8,7
450,2008,경남,밀양시,,,1,4,4,3,6,3,8,3,3,
451,2008,경남,거제시,,,,13,3,1,7,1,3,19,5,15
452,2008,경남,의령군,1,,1,,1,2,,2,2,2,,
453,2008,경남,함안군,,,,,2,3,5,,3,1,1,
454,2008,경남,창녕군,,,,,4,,1,4,3,1,1,
455,2008,경남,양산시,1,,1,2,8,,4,6,7,5,1,3
456,2008,경남,고성군,,,,1,2,,2,2,3,2,2,1
457,2008,경남,사천시,1,,1,1,5,1,2,2,4,4,1,
458,2008,경남,남해군,,,,1,1,1,,,1,2,1,1
459,2008,경남,하동군,,,,1,2,3,1,,,2,1,
460,2008,경남,산청군,,,,,1,1,,,1,1,,
461,2008,경남,함양군,1,,1,2,1,1,1,1,,5,1,1
462,2008,경남,거창군,1,,,,,1,1,3,4,3,2,
463,2008,경남,합천군,,,,,1,,,,3,,,
464,2008,경남,창원시(통합),,,,,,,,,,,,
465,2008,제주,제주시,3,,,9,13,10,12,21,27,16,5,3
466,2008,제주,서귀포시,1,,1,1,2,2,1,6,4,10,3,3
467,2009,서울,종로구,1,,1,7,6,7,4,7,9,6,5,5
468,2009,서울,중구,,1,1,1,6,5,5,6,4,8,4,2
469,2009,서울,용산구,1,1,,6,4,5,5,10,8,9,1,3
470,2009,서울,성동구,3,4,4,8,16,13,4,19,22,28,16,14
471,2009,서울,동대문구,4,1,7,11,37,20,28,41,43,30,34,15
472,2009,서울,성북구,7,1,4,10,11,18,13,12,22,22,8,11
473,2009,서울,도봉구,5,1,8,11,18,8,14,21,29,15,12,6
474,2009,서울,은평구,3,3,4,19,22,21,17,37,36,28,21,14
475,2009,서울,서대문구,,2,2,5,4,9,4,8,6,7,8,7
476,2009,서울,마포구,4,2,4,10,17,18,12,18,14,18,14,10
477,2009,서울,강서구,6,3,11,13,17,20,25,26,24,27,16,9
478,2009,서울,구로구,4,1,9,9,28,15,15,13,17,19,10,6
479,2009,서울,영등포구,4,1,8,19,31,23,27,33,37,32,26,16
480,2009,서울,동작구,2,1,3,5,10,8,8,11,11,5,9,5
481,2009,서울,관악구,3,2,6,7,14,4,14,2,16,7,16,10
482,2009,서울,강남구,5,3,4,4,21,15,8,12,20,20,16,10
483,2009,서울,강동구,8,3,5,19,27,18,16,33,31,36,17,13
484,2009,서울,송파구,16,3,10,36,62,28,29,29,35,49,37,22
485,2009,서울,서초구,2,3,,5,12,9,6,4,7,12,4,8
486,2009,서울,양천구,12,3,5,15,28,20,24,19,34,30,22,14
487,2009,서울,중랑구,8,4,5,19,27,21,20,33,27,34,32,14
488,2009,서울,노원구,10,3,9,18,27,19,28,27,30,31,29,19
489,2009,서울,광진구,7,1,7,18,32,22,19,24,33,28,20,21
490,2009,서울,강북구,6,,4,7,14,11,12,19,9,8,10,7
491,2009,서울,금천구,2,1,5,13,12,9,4,9,12,9,6,3
492,2009,부산,중구,,,,1,,,1,3,4,2,1,
493,2009,부산,서구,,,,,,1,,2,1,,3,
494,2009,부산,동구,,1,,1,1,1,1,1,4,1,2,2
495,2009,부산,영도구,,,1,1,1,,3,3,1,2,,1
496,2009,부산,진구,2,,,7,13,13,8,7,9,3,3,1
497,2009,부산,동래구,1,,1,5,13,7,6,8,11,4,4,3
498,2009,부산,남구,1,3,2,12,7,6,8,6,10,9,6,1
499,2009,부산,북구,,1,,2,5,2,1,,4,3,1,1
500,2009,부산,해운대구,2,1,2,11,7,9,7,11,9,12,9,5
501,2009,부산,사하구,1,1,,11,5,4,,5,6,9,2,3
502,2009,부산,금정구,1,2,1,3,6,5,2,6,5,9,7,
503,2009,부산,강서구,1,,2,4,5,5,4,4,6,7,7,1
504,2009,부산,연제구,1,,,6,16,3,8,10,8,4,6,4
505,2009,부산,수영구,2,,1,4,6,4,5,7,8,8,6,4
506,2009,부산,사상구,3,,,8,16,2,8,12,12,10,5,3
507,2009,부산,기장군,,,,3,2,,3,3,2,1,3,
508,2009,대구,중구,1,,5,10,16,12,11,15,16,7,9,5
509,2009,대구,동구,4,1,3,9,24,22,21,24,30,27,22,4
510,2009,대구,서구,6,1,3,21,28,10,14,9,14,20,16,7
511,2009,대구,남구,2,2,1,5,14,6,9,7,13,18,9,6
512,2009,대구,북구,8,3,3,29,53,43,36,47,45,46,32,20
513,2009,대구,수성구,9,5,2,15,32,21,22,28,32,40,20,15
514,2009,대구,달서구,8,1,10,30,52,23,14,32,61,44,44,18
515,2009,대구,달성군,,,,6,5,5,6,10,12,6,6,7
516,2009,인천,중구,,,,4,3,5,,4,8,5,1,
517,2009,인천,동구,,,,3,5,,,4,8,3,1,
518,2009,인천,남구,1,1,2,9,11,12,12,17,11,16,7,2
519,2009,인천,부평구,5,2,4,20,34,15,23,21,32,31,27,18
520,2009,인천,남동구,3,,4,9,17,18,8,23,29,23,10,10
521,2009,인천,서구,1,,2,5,7,4,5,10,9,7,6,2
522,2009,인천,연수구,3,,3,7,12,8,9,6,10,15,7,5
523,2009,인천,계양구,1,,1,4,11,4,7,5,20,8,10,7
524,2009,인천,강화군,,,,1,2,1,,6,,2,4,1
525,2009,인천,옹진군,,,,,,,,1,,1,,
526,2009,광주,동구,,1,,10,9,6,6,9,12,8,5,4
527,2009,광주,서구,1,2,5,14,12,7,4,13,14,16,3,4
528,2009,광주,북구,3,1,1,14,17,18,13,18,19,23,26,6
529,2009,광주,광산구,2,2,1,8,14,14,10,14,21,26,12,4
530,2009,광주,남구,,,1,2,12,2,2,5,6,8,2,4
531,2009,대전,동구,2,1,3,12,19,13,10,14,17,15,16,8
532,2009,대전,중구,4,,2,11,22,10,10,15,10,13,14,4
533,2009,대전,서구,3,2,1,17,22,12,15,13,24,29,15,12
534,2009,대전,유성구,1,2,,8,7,2,8,10,7,5,5,4
535,2009,대전,대덕구,1,,1,11,15,3,7,11,16,16,8,3
536,2009,울산,중구,3,,2,8,10,8,11,7,11,14,10,3
537,2009,울산,남구,,1,3,9,9,5,9,7,15,12,10,6
538,2009,울산,동구,1,,,3,1,1,,,4,3,3,
539,2009,울산,북구,1,,1,14,9,6,3,2,11,11,8,1
540,2009,울산,울주군,,1,,2,6,2,7,7,10,5,1,1
541,2009,경기,수원시,8,7,5,28,29,19,19,23,35,35,29,7
542,2009,경기,성남시,3,1,5,12,20,9,12,7,20,9,9,8
543,2009,경기,의정부시,6,,4,13,18,17,19,23,22,26,20,6
544,2009,경기,안양시,2,4,4,5,33,13,9,20,18,14,17,6
545,2009,경기,부천시,3,6,7,26,42,21,25,36,38,47,39,19
546,2009,경기,안산시,,1,6,19,28,15,16,18,16,15,12,6
547,2009,경기,평택시,,1,5,5,11,14,5,10,15,12,9,3
548,2009,경기,광명시,,,2,11,13,7,12,10,8,13,4,3
549,2009,경기,구리시,1,1,,4,5,4,4,1,5,8,2,3
550,2009,경기,양주시,1,,,5,3,2,2,3,2,4,1,2
551,2009,경기,여주시,,,,,3,2,3,6,2,2,1,1
552,2009,경기,화성시,3,1,1,6,5,5,7,8,12,10,8,1
553,2009,경기,시흥시,,1,,8,10,11,18,15,16,19,13,7
554,2009,경기,파주시,,,1,5,11,3,4,6,8,5,6,
555,2009,경기,고양시,5,3,8,18,33,26,26,50,52,47,27,8
556,2009,경기,광주시,,,,1,5,2,2,6,5,4,8,
557,2009,경기,연천군,,,,,1,,2,1,2,1,1,
558,2009,경기,포천시,2,,1,3,6,2,1,2,5,1,,3
559,2009,경기,가평군,,,,,,1,1,1,5,3,,
560,2009,경기,양평군,,,,1,2,3,1,1,2,5,1,2
561,2009,경기,이천시,1,1,,1,5,5,5,4,4,5,4,2
562,2009,경기,용인시,,,2,7,6,8,6,12,12,19,7,4
563,2009,경기,안성시,1,,1,,2,4,2,2,7,8,,
564,2009,경기,김포시,1,,1,5,5,4,4,6,8,7,7,2
565,2009,경기,동두천시,,,,2,4,6,1,8,11,6,,2
566,2009,경기,과천시,,,,1,3,1,1,1,5,2,3,1
567,2009,경기,군포시,,,,4,6,4,4,2,4,7,3,3
568,2009,경기,남양주시,,,2,2,7,6,8,6,15,11,5,1
569,2009,경기,오산시,2,,,10,5,2,3,9,6,7,6,3
570,2009,경기,의왕시,1,,,1,,3,3,4,4,1,1,2
571,2009,경기,하남시,2,,,7,5,2,5,9,4,9,9,5
572,2009,강원,춘천시,3,3,1,4,16,15,14,10,20,11,11,9
573,2009,강원,원주시,,,2,4,20,9,11,18,17,26,3,5
574,2009,강원,동해시,1,,2,1,5,3,2,5,3,4,2,
575,2009,강원,강릉시,,,2,5,7,10,6,4,9,11,4,4
576,2009,강원,속초시,,,1,2,2,7,6,6,4,3,4,3
577,2009,강원,태백시,,,,,1,,1,,1,,1,
578,2009,강원,삼척시,,,,3,3,6,3,5,7,3,4,2
579,2009,강원,홍천군,1,,,1,4,2,1,1,3,4,1,
580,2009,강원,횡성군,,,,,,1,1,,1,3,,
581,2009,강원,영월군,,,,1,,,3,1,2,,,
582,2009,강원,평창군,,,,,2,1,,1,,1,,
583,2009,강원,정선군,,,,,,,,,1,3,,
584,2009,강원,철원군,,,,,1,1,2,,3,1,1,1
585,2009,강원,화천군,,,,,,,1,,1,,,
586,2009,강원,양구군,1,,,,,,,1,1,1,3,
587,2009,강원,인제군,,,,,,,,2,,,,
588,2009,강원,고성군,,,,,2,,1,2,1,3,,
589,2009,강원,양양군,,,,,,,,2,3,,1,
590,2009,충북,청주시,3,2,6,21,38,32,27,46,47,52,27,14
591,2009,충북,충주시,1,,2,8,20,10,7,15,15,17,9,7
592,2009,충북,제천시,,1,,3,7,6,9,4,4,6,3,2
593,2009,충북,청원군,1,,1,1,3,2,2,5,2,7,3,1
594,2009,충북,보은군,,,,,,,3,1,3,1,,
595,2009,충북,옥천군,,,,,2,2,1,3,2,,4,
596,2009,충북,영동군,,,,1,2,2,6,4,1,5,1,1
597,2009,충북,진천군,,,,2,1,,2,1,2,1,,1
598,2009,충북,괴산군,,,,,,,,1,2,4,3,
599,2009,충북,음성군,1,1,,1,,4,3,4,3,6,2,
600,2009,충북,단양군,,,,,,2,1,,1,,,1
601,2009,충북,증평군,,,,3,1,2,2,3,3,,1,2
602,2009,충남,천안시,6,1,1,13,7,6,5,11,17,15,9,4
603,2009,충남,아산시,1,,1,2,3,5,2,4,8,7,5,1
604,2009,충남,보령시,1,2,,2,2,4,2,3,1,4,2,1
605,2009,충남,공주시,,2,1,4,3,2,3,4,5,2,2,
606,2009,충남,서산시,,,,2,2,2,2,3,6,5,4,2
607,2009,충남,금산군,,,,1,1,2,2,4,2,6,2,1
608,2009,충남,태안군,,,,,1,,,,2,2,,
609,2009,충남,연기군,,,2,1,1,2,2,6,2,6,1,2
610,2009,충남,논산시,,,,3,5,6,4,6,8,4,,3
611,2009,충남,부여군,1,,,2,3,1,3,,6,4,,1
612,2009,충남,서천군,,,,3,3,2,2,5,8,5,3,1
613,2009,충남,청양군,,,,,,1,,2,2,4,1,
614,2009,충남,홍성군,,1,,2,5,2,4,,4,6,3,2
615,2009,충남,예산군,,,1,2,5,1,1,3,2,4,1,
616,2009,충남,당진시,,,,2,1,,1,2,3,,1,
617,2009,충남,계룡시,,,,,1,,,1,3,4,,
618,2009,전북,전주시,11,4,4,25,35,27,26,25,45,39,20,17
619,2009,전북,군산시,1,,2,16,19,12,10,11,20,20,6,4
620,2009,전북,정읍시,,,2,4,7,4,10,10,10,11,5,
621,2009,전북,남원시,,,,,7,9,5,9,9,6,5,3
622,2009,전북,김제시,,,,2,3,2,4,1,4,7,8,1
623,2009,전북,완주군,,,,3,1,3,3,,3,6,1,
624,2009,전북,진안군,,,,1,1,,1,,1,1,,
625,2009,전북,무주군,,,,,,,,,1,1,,
626,2009,전북,장수군,,,,,,,1,1,2,1,,
627,2009,전북,임실군,,,,,1,,1,,2,2,,
628,2009,전북,순창군,,,,1,2,,,2,1,,,
629,2009,전북,고창군,,,,,,1,1,2,1,3,1,2
630,2009,전북,부안군,,,,2,1,1,2,5,2,2,1,
631,2009,전북,익산시,1,3,1,8,22,14,13,24,31,20,16,5
632,2009,전남,목포시,2,,2,9,13,16,5,9,8,5,7,3
633,2009,전남,여수시,,,,,2,3,4,4,5,6,3,1
634,2009,전남,순천시,2,,1,9,8,6,7,11,14,16,5,5
635,2009,전남,나주시,1,1,,3,1,3,2,6,5,9,3,2
636,2009,전남,광양시,,,,2,2,2,5,2,8,8,6,
637,2009,전남,담양군,,,,,1,2,3,3,2,1,1,
638,2009,전남,곡성군,,,1,1,,,1,,3,,,
639,2009,전남,구례군,,,,,1,1,1,,1,1,,
640,2009,전남,고흥군,,,,2,2,,,1,3,3,2,1
641,2009,전남,보성군,,,,1,,,1,1,,1,,
642,2009,전남,화순군,,,,2,,2,2,3,3,5,1,1
643,2009,전남,장흥군,,,,2,4,1,3,4,1,2,,
644,2009,전남,강진군,,,,2,1,3,1,,1,2,2,
645,2009,전남,해남군,,,,,1,,,1,1,1,1,
646,2009,전남,영암군,,1,1,3,1,1,,4,3,5,1,1
647,2009,전남,무안군,1,1,,,,1,,,1,2,1,
648,2009,전남,함평군,,1,,,,,,,1,,1,
649,2009,전남,영광군,,,,,2,3,3,2,3,5,,
650,2009,전남,장성군,,,1,,,,,1,2,1,1,
651,2009,전남,완도군,,,,,,1,,3,2,,,
652,2009,전남,진도군,,,,,2,,2,,3,1,,
653,2009,전남,신안군,,,,1,,1,,1,,,1,
654,2009,경북,포항시,6,2,4,21,21,24,21,33,33,33,21,10
655,2009,경북,경주시,4,2,5,13,19,17,19,23,28,22,14,11
656,2009,경북,김천시,,,,1,3,5,2,3,8,10,5,
657,2009,경북,안동시,1,,,5,7,2,2,9,9,7,6,1
658,2009,경북,구미시,2,1,1,11,22,12,11,21,24,31,10,4
659,2009,경북,영주시,,,,2,10,9,14,11,19,17,5,2
660,2009,경북,영천시,2,,1,1,7,4,2,3,4,10,4,
661,2009,경북,문경시,,,,,8,6,3,2,7,7,5,
662,2009,경북,상주시,,,1,6,7,13,12,18,21,23,6,1
663,2009,경북,군위군,,,,,1,1,3,,,,1,
664,2009,경북,의성군,,,,3,1,1,1,1,1,,1,1
665,2009,경북,청송군,,,,,,,,,,,1,
666,2009,경북,영양군,,,,,2,,1,2,3,1,,1
667,2009,경북,영덕군,,,,,1,3,,2,2,3,2,2
668,2009,경북,청도군,,,,,2,1,2,1,1,1,1,1
669,2009,경북,고령군,,,,1,3,4,4,1,3,3,1,
670,2009,경북,성주군,,,,,1,1,1,2,3,7,1,
671,2009,경북,칠곡군,,,1,2,5,5,4,4,4,4,5,
672,2009,경북,예천군,,,1,,4,1,1,3,5,,,
673,2009,경북,봉화군,,,,1,1,1,,1,2,3,,
674,2009,경북,울진군,,,,,1,2,1,2,2,1,2,
675,2009,경북,울릉군,,,,,,,,,,,,
676,2009,경북,경산시,3,,,8,11,7,9,9,11,20,17,4
677,2009,경남,마산시,2,2,1,10,7,7,5,8,11,14,5,5
678,2009,경남,진주시,2,3,,8,20,7,11,15,15,21,12,5
679,2009,경남,창원시,4,2,1,29,33,14,19,19,23,28,19,12
680,2009,경남,진해시,1,,,5,9,3,10,5,14,4,3,
681,2009,경남,통영시,,,1,4,1,3,2,4,7,7,2,1
682,2009,경남,김해시,3,,2,8,17,11,14,15,16,14,13,4
683,2009,경남,밀양시,,,,4,5,4,4,6,6,3,2,
684,2009,경남,거제시,1,,,17,2,3,5,,7,13,12,4
685,2009,경남,의령군,1,,,1,2,3,,2,2,2,2,
686,2009,경남,함안군,,,,1,2,3,4,7,3,2,,1
687,2009,경남,창녕군,1,,,1,2,1,1,1,2,2,,2
688,2009,경남,양산시,,,,3,5,5,2,9,5,5,2,4
689,2009,경남,고성군,1,,,1,3,,,2,2,3,,
690,2009,경남,사천시,,1,,4,7,2,3,3,9,4,6,4
691,2009,경남,남해군,,,,,2,,2,,,,,
692,2009,경남,하동군,,,,,2,1,,2,,,2,1
693,2009,경남,산청군,,,,,,,,,2,1,,
694,2009,경남,함양군,,1,,1,,1,,2,1,1,2,
695,2009,경남,거창군,,,,1,4,3,1,3,4,2,,
696,2009,경남,합천군,,,,,3,,1,1,2,3,,1
697,2009,경남,창원시(통합),,,,,,,,,,,,
698,2009,제주,제주시,3,,,10,14,10,15,18,26,10,6,3
699,2009,제주,서귀포시,,,1,2,4,2,9,5,6,4,2,
700,2010,서울,종로구,,1,,4,3,4,5,8,6,6,4,4
701,2010,서울,중구,,,2,2,11,7,5,2,13,4,8,
702,2010,서울,용산구,1,1,1,1,1,4,4,7,2,9,5,4
703,2010,서울,성동구,4,1,3,11,14,11,14,14,16,17,10,11
704,2010,서울,동대문구,6,2,6,19,25,18,27,29,19,40,16,12
705,2010,서울,성북구,3,2,6,9,13,11,10,9,19,12,10,9
706,2010,서울,도봉구,2,2,6,4,19,12,9,11,20,23,12,6
707,2010,서울,은평구,3,1,4,10,21,16,18,17,27,14,20,16
708,2010,서울,서대문구,2,2,1,7,4,10,6,10,4,7,4,3
709,2010,서울,마포구,1,7,1,9,15,12,18,15,22,18,24,8
710,2010,서울,강서구,4,1,9,12,15,18,17,21,32,23,22,13
711,2010,서울,구로구,3,4,9,9,23,5,14,17,20,16,22,9
712,2010,서울,영등포구,6,2,5,14,32,20,26,36,35,33,23,18
713,2010,서울,동작구,1,,3,7,12,6,7,7,13,12,6,5
714,2010,서울,관악구,3,3,5,5,17,12,9,9,10,6,6,3
715,2010,서울,강남구,8,5,6,5,14,11,5,17,18,14,8,13
716,2010,서울,강동구,5,3,4,26,29,20,16,29,33,35,21,13
717,2010,서울,송파구,10,7,11,27,45,26,28,36,41,48,25,29
718,2010,서울,서초구,2,2,4,7,14,8,7,10,8,13,10,10
719,2010,서울,양천구,3,3,4,12,28,14,15,21,31,37,17,10
720,2010,서울,중랑구,6,4,8,14,26,22,19,33,30,29,24,18
721,2010,서울,노원구,3,3,6,12,25,22,24,20,24,25,26,20
722,2010,서울,광진구,3,1,9,18,30,14,14,28,28,14,20,14
723,2010,서울,강북구,2,2,4,2,9,7,8,10,13,11,13,8
724,2010,서울,금천구,2,2,5,11,14,6,3,12,8,9,5,3
725,2010,부산,중구,,,,,,1,2,2,1,1,2,3
726,2010,부산,서구,,,,4,3,3,1,1,1,,,2
727,2010,부산,동구,1,,2,1,1,4,,5,1,1,1,
728,2010,부산,영도구,,,,,2,,2,1,3,,2,1
729,2010,부산,진구,1,,3,5,5,8,9,13,8,7,8,4
730,2010,부산,동래구,,1,3,4,9,8,3,9,9,9,8,4
731,2010,부산,남구,2,,3,8,8,5,5,7,17,8,10,4
732,2010,부산,북구,,,1,1,1,3,1,4,,4,1,1
733,2010,부산,해운대구,2,,3,6,6,5,5,6,12,7,2,3
734,2010,부산,사하구,,,2,6,7,3,4,3,2,5,4,1
735,2010,부산,금정구,,,2,4,4,9,5,5,12,6,4,4
736,2010,부산,강서구,,,,2,6,5,4,1,4,4,3,
737,2010,부산,연제구,1,,2,6,6,4,4,5,5,11,6,3
738,2010,부산,수영구,,,1,4,8,5,7,6,8,9,6,1
739,2010,부산,사상구,2,,3,3,11,4,7,9,8,12,7,4
740,2010,부산,기장군,,1,,1,1,3,4,1,2,,1,2
741,2010,대구,중구,3,2,8,7,16,10,11,22,24,17,12,4
742,2010,대구,동구,3,,2,13,32,20,17,10,23,24,19,4
743,2010,대구,서구,3,1,2,14,22,10,13,12,22,29,20,8
744,2010,대구,남구,1,2,4,12,14,7,7,5,14,13,7,4
745,2010,대구,북구,5,2,3,26,35,22,42,28,29,33,25,17
746,2010,대구,수성구,3,2,3,15,32,19,13,39,35,30,27,16
747,2010,대구,달서구,9,1,2,30,46,21,20,25,40,43,36,14
748,2010,대구,달성군,,,1,2,6,7,1,8,8,8,4,2
749,2010,인천,중구,,,3,1,4,1,1,1,3,4,1,
750,2010,인천,동구,,,1,1,,2,,2,3,3,2,
751,2010,인천,남구,2,1,4,4,18,3,4,7,8,15,11,2
752,2010,인천,부평구,3,1,8,14,25,18,12,24,26,27,16,12
753,2010,인천,남동구,1,3,1,8,24,7,9,10,18,14,9,3
754,2010,인천,서구,,,,7,7,3,2,6,11,9,4,1
755,2010,인천,연수구,1,,,5,10,6,6,7,9,14,9,1
756,2010,인천,계양구,2,1,1,5,14,7,7,8,9,14,10,3
757,2010,인천,강화군,,,,,2,3,2,2,1,5,1,
758,2010,인천,옹진군,,,,,,,,,,1,,
759,2010,광주,동구,,,,3,6,5,3,8,6,4,5,2
760,2010,광주,서구,1,,4,13,8,3,8,11,18,13,2,2
761,2010,광주,북구,1,3,1,11,16,15,7,14,18,22,10,10
762,2010,광주,광산구,2,1,,13,14,10,9,10,23,16,14,10
763,2010,광주,남구,1,,3,3,6,6,3,2,6,4,3,4
764,2010,대전,동구,,1,4,11,14,10,8,16,23,16,5,8
765,2010,대전,중구,2,1,2,8,15,10,16,11,14,13,8,7
766,2010,대전,서구,2,1,1,13,14,20,11,19,15,21,16,9
767,2010,대전,유성구,,,,6,10,3,5,7,7,15,4,5
768,2010,대전,대덕구,3,,1,5,12,5,5,11,12,15,3,2
769,2010,울산,중구,1,,2,8,9,5,8,6,16,8,8,3
770,2010,울산,남구,1,3,3,6,14,9,4,9,14,12,12,7
771,2010,울산,동구,2,,,4,2,,1,2,3,8,3,
772,2010,울산,북구,3,1,,12,6,3,1,5,7,13,7,3
773,2010,울산,울주군,,,,2,2,,1,5,4,5,2,2
774,2010,경기,수원시,4,4,7,20,23,12,21,26,30,25,25,13
775,2010,경기,성남시,2,1,7,7,7,8,7,10,12,20,5,5
776,2010,경기,의정부시,2,3,5,10,18,12,11,15,18,12,17,5
777,2010,경기,안양시,5,3,2,5,21,10,13,9,16,18,14,6
778,2010,경기,부천시,4,3,7,27,29,14,24,33,41,41,36,17
779,2010,경기,안산시,2,1,3,26,12,9,17,19,18,23,23,9
780,2010,경기,평택시,1,,1,7,8,12,8,7,7,15,7,4
781,2010,경기,광명시,2,,2,4,7,7,3,5,7,7,5,3
782,2010,경기,구리시,,1,1,2,6,4,10,6,11,6,6,4
783,2010,경기,양주시,1,,,1,,4,4,3,7,4,4,
784,2010,경기,여주시,,,1,,2,3,2,1,5,3,1,2
785,2010,경기,화성시,,,,13,4,5,3,10,10,8,6,5
786,2010,경기,시흥시,2,3,,9,16,9,5,12,14,20,6,4
787,2010,경기,파주시,2,,,5,2,3,4,4,4,7,3,
788,2010,경기,고양시,8,2,7,13,38,19,24,32,36,32,26,16
789,2010,경기,광주시,3,,,2,2,3,1,5,3,5,3,3
790,2010,경기,연천군,,,,,,,1,,1,1,,
791,2010,경기,포천시,,,,,3,,2,3,2,7,1,2
792,2010,경기,가평군,,,,,2,2,1,1,4,4,1,2
793,2010,경기,양평군,,,,,3,2,2,5,2,,2,1
794,2010,경기,이천시,1,1,1,1,1,2,1,3,4,5,2,1
795,2010,경기,용인시,,,5,4,10,7,5,11,10,18,10,3
796,2010,경기,안성시,1,,1,,2,2,5,4,8,8,2,2
797,2010,경기,김포시,,,3,3,6,5,5,3,4,6,,3
798,2010,경기,동두천시,,,,5,1,1,10,1,7,4,2,1
799,2010,경기,과천시,,,,,,,3,2,1,2,4,1
800,2010,경기,군포시,2,,1,4,7,1,,3,4,9,1,1
801,2010,경기,남양주시,,,,7,4,2,4,7,7,2,3,
802,2010,경기,오산시,,,,2,4,3,1,1,2,3,10,2
803,2010,경기,의왕시,1,,,3,4,4,2,2,2,6,3,4
804,2010,경기,하남시,,,1,1,13,7,8,14,10,5,3,7
805,2010,강원,춘천시,2,2,2,12,16,6,10,19,22,14,13,5
806,2010,강원,원주시,2,,2,6,13,9,7,15,11,10,13,2
807,2010,강원,동해시,,,,,2,,1,3,5,4,1,
808,2010,강원,강릉시,,,,4,7,9,10,5,14,7,4,3
809,2010,강원,속초시,,,,,2,6,4,8,1,2,1,2
810,2010,강원,태백시,,,,,4,2,,1,1,,,
811,2010,강원,삼척시,,,,1,3,,1,4,2,3,1,
812,2010,강원,홍천군,1,,,,3,2,,3,2,,3,
813,2010,강원,횡성군,1,,,1,,,2,,,4,2,
814,2010,강원,영월군,,,,,,,1,,,,,
815,2010,강원,평창군,,,,1,2,,,,1,2,,1
816,2010,강원,정선군,,,,,,,,1,,,1,
817,2010,강원,철원군,,,,,3,,,,,3,,
818,2010,강원,화천군,,,,1,,,1,1,,,,
819,2010,강원,양구군,,,,,2,1,,,1,1,,
820,2010,강원,인제군,,,,,,,,,,,,
821,2010,강원,고성군,,,,,,1,,1,,1,,
822,2010,강원,양양군,,,,,,,,,1,2,1,
823,2010,충북,청주시,7,3,4,24,37,28,19,29,52,35,28,13
824,2010,충북,충주시,1,1,1,3,9,10,5,20,14,15,8,4
825,2010,충북,제천시,1,,2,1,5,2,2,4,3,7,2,
826,2010,충북,청원군,,,,,2,3,5,4,6,5,5,2
827,2010,충북,보은군,,,,1,,,2,1,3,2,3,
828,2010,충북,옥천군,,,,,,2,2,2,2,2,1,
829,2010,충북,영동군,,,,,7,,2,4,1,4,1,1
830,2010,충북,진천군,,,,,2,2,2,1,1,1,,
831,2010,충북,괴산군,,,,,,1,1,,,,,
832,2010,충북,음성군,,,,2,2,3,,3,3,3,2,
833,2010,충북,단양군,,,,,,,1,,1,,,
834,2010,충북,증평군,,,,1,1,,,,1,6,1,
835,2010,충남,천안시,1,1,1,5,7,10,9,6,21,9,14,8
836,2010,충남,아산시,,,,2,3,,3,3,3,6,1,
837,2010,충남,보령시,,,1,,4,6,4,3,4,7,3,1
838,2010,충남,공주시,,,,2,2,2,1,4,4,4,4,
839,2010,충남,서산시,,,,1,6,3,4,4,6,7,4,2
840,2010,충남,금산군,,,1,1,2,1,2,,,2,,
841,2010,충남,태안군,,,,,1,1,1,1,1,1,1,
842,2010,충남,연기군,,,2,2,2,3,4,4,3,5,,
843,2010,충남,논산시,,,,3,3,6,6,,8,9,4,
844,2010,충남,부여군,,1,,3,2,1,4,4,7,3,1,1
845,2010,충남,서천군,,,,1,4,3,2,3,3,4,1,1
846,2010,충남,청양군,,,,,2,3,2,3,1,1,,
847,2010,충남,홍성군,,,1,,3,4,2,1,6,7,3,1
848,2010,충남,예산군,,,,,,2,5,1,2,5,,
849,2010,충남,당진시,,,1,,2,,,1,,3,,
850,2010,충남,계룡시,,,,1,,,1,,1,1,,1
851,2010,전북,전주시,5,2,6,17,27,18,20,28,24,44,13,17
852,2010,전북,군산시,3,,2,6,12,13,12,15,21,29,11,8
853,2010,전북,정읍시,,,3,2,10,2,9,5,8,6,6,3
854,2010,전북,남원시,,,1,4,8,7,8,9,6,10,3,
855,2010,전북,김제시,1,,,5,2,5,3,,5,5,4,1
856,2010,전북,완주군,,,,5,4,2,,4,1,,,
857,2010,전북,진안군,,,,,1,,1,,2,,,
858,2010,전북,무주군,,,,1,,,,,,,,
859,2010,전북,장수군,,,,1,,1,,1,1,,,
860,2010,전북,임실군,,,,1,,,1,1,,1,,
861,2010,전북,순창군,,,,,1,,2,2,1,,,
862,2010,전북,고창군,,,,1,2,2,2,,2,1,1,
863,2010,전북,부안군,,,,1,4,3,2,1,2,2,1,
864,2010,전북,익산시,2,,1,11,17,13,6,11,18,18,9,6
865,2010,전남,목포시,1,,4,8,12,12,10,6,12,16,5,4
866,2010,전남,여수시,1,,2,2,6,3,2,2,7,4,1,3
867,2010,전남,순천시,1,,,5,8,3,7,12,8,12,7,
868,2010,전남,나주시,,,,2,3,3,5,5,5,8,,
869,2010,전남,광양시,,,,5,4,,3,2,9,6,4,6
870,2010,전남,담양군,,,,,1,2,,4,3,,2,
871,2010,전남,곡성군,,,,1,,1,2,,3,,,
872,2010,전남,구례군,,,,,,1,3,,3,4,2,1
873,2010,전남,고흥군,,,,1,1,2,,4,1,1,,
874,2010,전남,보성군,1,,,,1,3,,,1,,,1
875,2010,전남,화순군,,,,,1,2,,3,2,1,,
876,2010,전남,장흥군,,,,1,1,2,1,2,2,,1,1
877,2010,전남,강진군,,,,,1,2,1,1,3,2,4,
878,2010,전남,해남군,,,,,2,,2,1,2,1,,
879,2010,전남,영암군,1,,,2,1,2,2,1,2,2,1,3
880,2010,전남,무안군,,,,2,,,1,1,1,,1,
881,2010,전남,함평군,1,,,,1,,1,1,4,2,,
882,2010,전남,영광군,,,,,,,,1,1,3,,
883,2010,전남,장성군,,,,,1,1,2,2,2,1,2,
884,2010,전남,완도군,,,,,1,,,,,,,
885,2010,전남,진도군,,,,1,,,1,2,,2,1,
886,2010,전남,신안군,,,,,,,1,,1,,,
887,2010,경북,포항시,2,2,5,20,26,19,17,22,40,39,22,16
888,2010,경북,경주시,3,,3,13,22,14,16,15,22,31,16,11
889,2010,경북,김천시,,1,2,2,7,6,3,10,8,9,2,2
890,2010,경북,안동시,1,,3,2,8,6,7,6,4,9,5,2
891,2010,경북,구미시,1,,2,18,21,6,12,12,15,23,18,6
892,2010,경북,영주시,,1,,1,14,11,6,8,13,8,6,2
893,2010,경북,영천시,,,,7,3,4,4,5,9,5,3,1
894,2010,경북,문경시,,,,,1,4,3,5,6,4,,
895,2010,경북,상주시,,1,1,1,10,6,7,8,10,10,9,2
896,2010,경북,군위군,,,,,2,3,1,,2,1,1,
897,2010,경북,의성군,,,,,,1,3,3,3,2,,
898,2010,경북,청송군,,,,,,,,1,,1,,
899,2010,경북,영양군,,,,,,1,,1,,,1,
900,2010,경북,영덕군,,,,2,,2,2,2,2,3,1,
901,2010,경북,청도군,,,1,,,1,1,1,1,,,
902,2010,경북,고령군,,,,,1,,3,1,3,1,,
903,2010,경북,성주군,,,,,2,,4,1,3,5,2,
904,2010,경북,칠곡군,,,1,1,3,3,1,5,13,3,7,
905,2010,경북,예천군,,,,1,2,1,1,2,1,2,2,
906,2010,경북,봉화군,,,,,4,1,2,,1,1,,
907,2010,경북,울진군,,,,,1,3,2,,1,3,1,
908,2010,경북,울릉군,,,,,,,,,,,,
909,2010,경북,경산시,1,,1,5,5,10,3,15,20,10,9,3
910,2010,경남,마산시,2,,,7,4,3,2,6,6,3,4,2
911,2010,경남,진주시,2,,1,8,8,11,7,10,12,19,9,6
912,2010,경남,창원시,,1,,13,22,10,9,12,15,16,7,8
913,2010,경남,진해시,1,,,2,2,1,,5,2,1,2,
914,2010,경남,통영시,1,,,5,,4,3,4,3,,1,1
915,2010,경남,김해시,1,,1,12,21,11,6,13,21,16,20,3
916,2010,경남,밀양시,,,,1,2,3,4,3,1,3,,1
917,2010,경남,거제시,2,,,13,1,,2,1,4,3,4,4
918,2010,경남,의령군,,,,,,1,2,1,1,1,,
919,2010,경남,함안군,,,,1,1,4,4,2,3,6,,1
920,2010,경남,창녕군,,,,1,2,2,1,2,3,4,,
921,2010,경남,양산시,,,,5,5,2,3,4,15,9,9,2
922,2010,경남,고성군,,,,3,1,,1,1,1,,2,
923,2010,경남,사천시,,,,5,7,4,6,8,9,7,6,3
924,2010,경남,남해군,,,,1,,,1,,,,,
925,2010,경남,하동군,,,,1,,,3,,,1,,1
926,2010,경남,산청군,,,,,,,1,,,2,1,
927,2010,경남,함양군,,,,2,5,1,,,,3,2,
928,2010,경남,거창군,,,,,,2,5,3,6,2,1,1
929,2010,경남,합천군,,,,,1,2,,1,1,1,1,1
930,2010,경남,창원시(통합),2,1,1,14,15,10,9,20,19,29,23,9
931,2010,제주,제주시,1,,3,7,8,11,11,15,17,13,9,5
932,2010,제주,서귀포시,1,,,,2,3,3,,3,3,3,1
933,2011,서울,종로구,3,,1,6,7,4,10,9,11,8,5,5
934,2011,서울,중구,2,2,,2,7,7,4,8,10,5,2,4
935,2011,서울,용산구,1,,,,5,4,6,9,9,8,8,4
936,2011,서울,성동구,1,3,6,7,17,10,5,18,28,25,16,11
937,2011,서울,동대문구,4,6,4,12,25,16,17,38,26,17,22,11
938,2011,서울,성북구,4,3,2,10,15,12,8,6,13,21,8,8
939,2011,서울,도봉구,4,1,5,11,11,14,8,8,12,19,16,5
940,2011,서울,은평구,3,2,3,15,17,13,18,24,17,12,13,15
941,2011,서울,서대문구,2,,1,5,1,4,10,3,7,11,2,6
942,2011,서울,마포구,4,8,7,9,15,12,9,19,10,19,17,6
943,2011,서울,강서구,4,1,11,15,19,10,16,23,19,27,22,16
944,2011,서울,구로구,3,1,2,10,17,9,6,16,17,20,14,11
945,2011,서울,영등포구,7,2,7,18,31,29,22,35,43,37,32,21
946,2011,서울,동작구,,,2,5,9,5,4,13,11,10,6,4
947,2011,서울,관악구,7,2,7,7,11,9,15,8,21,13,13,9
948,2011,서울,강남구,3,1,4,7,19,12,7,17,19,14,14,10
949,2011,서울,강동구,3,7,8,26,29,17,16,20,35,37,21,19
950,2011,서울,송파구,9,6,9,33,29,27,34,45,48,63,25,35
951,2011,서울,서초구,3,1,4,5,11,10,8,11,12,15,6,12
952,2011,서울,양천구,3,2,6,10,31,22,19,29,37,42,17,16
953,2011,서울,중랑구,6,1,7,14,20,10,15,26,28,25,22,12
954,2011,서울,노원구,2,1,6,24,17,22,17,26,34,27,15,15
955,2011,서울,광진구,12,5,3,11,33,11,16,19,21,25,13,22
956,2011,서울,강북구,1,4,2,8,14,10,7,10,18,14,9,4
957,2011,서울,금천구,3,1,2,8,12,17,10,7,12,13,10,7
958,2011,부산,중구,,,,2,,,1,3,1,4,2,
959,2011,부산,서구,,,,1,2,1,1,2,2,1,2,1
960,2011,부산,동구,,,,3,1,1,,1,2,,3,
961,2011,부산,영도구,,,,3,2,,1,2,5,2,,
962,2011,부산,진구,,1,5,2,8,5,5,11,11,5,9,6
963,2011,부산,동래구,3,1,1,6,10,12,8,9,12,10,5,5
964,2011,부산,남구,4,2,2,9,5,1,6,7,14,9,10,3
965,2011,부산,북구,,,1,1,2,1,1,1,4,1,,
966,2011,부산,해운대구,,2,5,4,14,3,8,13,11,12,9,3
967,2011,부산,사하구,2,,1,4,6,5,3,2,3,4,4,4
968,2011,부산,금정구,2,1,,4,12,4,4,9,12,11,6,4
969,2011,부산,강서구,,1,,5,4,3,2,5,6,7,1,
970,2011,부산,연제구,1,,,4,5,9,7,9,12,8,4,3
971,2011,부산,수영구,7,4,2,13,8,6,4,9,8,11,11,8
972,2011,부산,사상구,1,3,,8,13,8,9,4,11,11,8,3
973,2011,부산,기장군,,,,2,1,2,3,2,6,,5,2
974,2011,대구,중구,6,3,4,8,24,22,22,12,14,19,13,5
975,2011,대구,동구,4,,4,16,20,22,18,25,33,24,14,20
976,2011,대구,서구,4,,1,19,30,9,9,21,23,32,23,6
977,2011,대구,남구,2,,1,6,8,10,8,8,11,14,5,9
978,2011,대구,북구,4,,4,24,45,32,31,48,61,54,38,15
979,2011,대구,수성구,4,6,5,26,48,24,19,25,29,46,32,19
980,2011,대구,달서구,7,4,3,38,52,28,37,38,47,60,32,23
981,2011,대구,달성군,1,,2,4,5,5,11,3,13,10,4,3
982,2011,인천,중구,1,,1,2,4,3,5,4,2,3,,1
983,2011,인천,동구,,,1,,5,,1,,2,2,1,1
984,2011,인천,남구,3,,1,8,8,13,6,11,12,12,7,4
985,2011,인천,부평구,6,2,5,20,21,9,26,23,31,18,21,15
986,2011,인천,남동구,3,1,,21,17,6,14,18,21,19,10,8
987,2011,인천,서구,1,,2,8,5,5,5,8,9,5,4,
988,2011,인천,연수구,1,1,1,2,7,9,8,14,23,12,14,8
989,2011,인천,계양구,5,1,2,4,7,4,10,6,9,10,9,3
990,2011,인천,강화군,,,,,2,2,1,1,2,3,,
991,2011,인천,옹진군,,,,,,,2,,1,,,
992,2011,광주,동구,1,,1,1,4,5,3,9,9,7,8,5
993,2011,광주,서구,,,1,7,7,6,8,11,17,22,11,4
994,2011,광주,북구,3,3,4,8,22,8,14,13,19,26,11,11
995,2011,광주,광산구,3,2,,12,16,8,10,15,24,32,21,14
996,2011,광주,남구,2,,,8,9,5,6,6,10,11,5,3
997,2011,대전,동구,3,1,3,11,21,16,13,18,22,14,12,7
998,2011,대전,중구,4,,4,8,22,13,12,15,16,19,5,4
999,2011,대전,서구,3,,6,16,21,12,12,21,15,23,13,8
1000,2011,대전,유성구,,,,5,10,3,4,11,7,11,8,5
1001,2011,대전,대덕구,2,,1,9,6,2,2,2,6,11,5,6
1002,2011,울산,중구,5,,4,8,8,12,8,10,15,12,7,3
1003,2011,울산,남구,2,,7,15,15,6,10,13,12,15,10,9
1004,2011,울산,동구,,,,8,1,,2,,3,9,3,1
1005,2011,울산,북구,2,,,15,9,1,1,9,7,14,3,3
1006,2011,울산,울주군,,,,1,3,4,3,1,7,2,7,
1007,2011,경기,수원시,6,,8,16,28,17,26,21,32,40,22,18
1008,2011,경기,성남시,3,2,5,7,12,8,16,18,15,11,10,1
1009,2011,경기,의정부시,2,2,6,8,14,6,9,14,20,14,13,5
1010,2011,경기,안양시,4,2,5,12,23,15,19,12,23,22,10,13
1011,2011,경기,부천시,11,4,10,28,45,23,22,35,34,38,27,19
1012,2011,경기,안산시,2,1,5,24,36,10,15,16,23,35,18,13
1013,2011,경기,평택시,,1,2,10,7,3,10,10,14,19,9,1
1014,2011,경기,광명시,,,3,2,8,4,8,7,1,9,6,4
1015,2011,경기,구리시,,,,4,5,5,3,9,4,10,4,4
1016,2011,경기,양주시,,,,3,2,2,7,3,7,3,3,2
1017,2011,경기,여주시,,,,,2,1,2,3,2,2,3,
1018,2011,경기,화성시,1,,,9,8,7,3,8,11,9,2,5
1019,2011,경기,시흥시,,,2,8,16,6,6,9,22,14,15,8
1020,2011,경기,파주시,1,,1,1,3,7,4,6,9,6,7,2
1021,2011,경기,고양시,4,4,3,24,25,27,30,37,34,44,21,13
1022,2011,경기,광주시,,,1,3,2,4,4,6,7,7,2,4
1023,2011,경기,연천군,,,,,1,1,2,,1,2,,
1024,2011,경기,포천시,,,2,3,2,2,1,,6,4,1,3
1025,2011,경기,가평군,,,,1,,4,,1,4,1,1,1
1026,2011,경기,양평군,,,,,5,5,3,3,2,3,1,1
1027,2011,경기,이천시,,,,1,3,3,,3,2,7,3,1
1028,2011,경기,용인시,3,3,1,5,7,5,11,13,16,17,9,5
1029,2011,경기,안성시,,1,,5,5,2,2,5,7,2,1,1
1030,2011,경기,김포시,1,1,,,4,5,4,7,3,4,4,1
1031,2011,경기,동두천시,1,,,2,2,3,3,3,5,5,2,2
1032,2011,경기,과천시,,,,,3,1,1,3,3,1,,
1033,2011,경기,군포시,,,2,1,6,2,6,8,8,8,5,1
1034,2011,경기,남양주시,1,,1,1,5,11,6,12,11,5,6,1
1035,2011,경기,오산시,1,1,1,4,2,2,3,2,7,3,2,2
1036,2011,경기,의왕시,,,,3,2,5,2,,3,5,4,5
1037,2011,경기,하남시,,1,,5,5,7,11,10,11,6,3,3
1038,2011,강원,춘천시,1,,1,8,25,10,9,20,22,16,6,12
1039,2011,강원,원주시,,,,10,16,6,18,18,12,23,16,5
1040,2011,강원,동해시,,1,1,1,,,4,3,4,5,3,
1041,2011,강원,강릉시,1,1,3,4,11,12,11,9,11,12,6,
1042,2011,강원,속초시,,,1,1,1,1,1,2,2,2,,2
1043,2011,강원,태백시,,,,,,1,,,1,,,
1044,2011,강원,삼척시,,1,,2,1,,1,4,5,3,2,
1045,2011,강원,홍천군,,,,,3,1,3,6,2,2,2,
1046,2011,강원,횡성군,,,,,,2,,,,1,,
1047,2011,강원,영월군,,,,,,,,,1,,,
1048,2011,강원,평창군,,,,,,2,2,2,2,1,1,
1049,2011,강원,정선군,,,,,,,1,,2,1,,
1050,2011,강원,철원군,,,,,1,4,1,1,2,2,,
1051,2011,강원,화천군,,,,1,2,2,2,1,,,,
1052,2011,강원,양구군,,,,,,1,2,1,1,2,1,
1053,2011,강원,인제군,,,1,,,,,,,,,
1054,2011,강원,고성군,,,,,1,,,2,,,,
1055,2011,강원,양양군,,,,,,2,,,,1,,
1056,2011,충북,청주시,1,3,3,34,41,25,23,41,52,64,30,25
1057,2011,충북,충주시,,,1,6,19,13,11,11,25,31,1,9
1058,2011,충북,제천시,2,1,,3,5,5,2,4,6,8,2,2
1059,2011,충북,청원군,,,,3,8,3,2,3,6,7,3,2
1060,2011,충북,보은군,,,,,,1,,1,3,2,,
1061,2011,충북,옥천군,,,,1,1,2,2,5,2,1,,1
1062,2011,충북,영동군,,,,2,2,1,1,3,2,2,1,
1063,2011,충북,진천군,,,,1,1,3,1,2,,3,2,
1064,2011,충북,괴산군,,,,,2,2,1,,1,,,
1065,2011,충북,음성군,,,,1,2,1,,4,5,6,2,1
1066,2011,충북,단양군,,,,1,1,1,,2,1,,,
1067,2011,충북,증평군,,1,1,,1,6,1,2,5,7,2,
1068,2011,충남,천안시,2,,1,15,9,13,8,8,11,20,12,5
1069,2011,충남,아산시,,,,2,7,3,2,6,1,4,1,2
1070,2011,충남,보령시,,,,1,5,1,4,3,6,4,5,1
1071,2011,충남,공주시,2,,,3,3,6,2,1,4,3,,1
1072,2011,충남,서산시,1,,1,3,8,4,1,1,3,3,1,
1073,2011,충남,금산군,,,,2,7,1,1,2,2,1,1,1
1074,2011,충남,태안군,,,,,1,,1,,,2,,1
1075,2011,충남,연기군,,,,2,7,4,2,,5,3,1,1
1076,2011,충남,논산시,1,1,,1,3,4,3,5,8,8,3,
1077,2011,충남,부여군,1,,,1,4,1,4,4,4,,,
1078,2011,충남,서천군,1,1,,3,3,7,2,2,7,8,,
1079,2011,충남,청양군,,,,,2,,4,1,2,2,,
1080,2011,충남,홍성군,1,,,,4,1,2,2,2,6,3,1
1081,2011,충남,예산군,,,,3,2,2,4,,8,4,1,
1082,2011,충남,당진시,1,,1,1,2,,2,2,1,4,1,
1083,2011,충남,계룡시,,,,1,,,2,2,,2,,
1084,2011,전북,전주시,5,4,2,27,37,24,24,27,41,42,20,14
1085,2011,전북,군산시,1,,,22,22,16,17,12,16,22,10,3
1086,2011,전북,정읍시,,,,6,13,7,10,11,6,10,6,3
1087,2011,전북,남원시,1,,,3,7,8,5,6,3,8,1,
1088,2011,전북,김제시,,1,,4,7,3,1,3,6,2,,
1089,2011,전북,완주군,,,,2,,1,2,5,5,2,2,1
1090,2011,전북,진안군,,,,,,,1,,,1,,
1091,2011,전북,무주군,,,,,2,,,1,,,,
1092,2011,전북,장수군,,,,,1,,,,,2,,
1093,2011,전북,임실군,,,,1,,1,,2,,1,,
1094,2011,전북,순창군,,,,1,,2,2,1,2,1,,
1095,2011,전북,고창군,,,,1,1,1,1,,3,2,,
1096,2011,전북,부안군,,,,1,,3,,3,1,5,3,
1097,2011,전북,익산시,2,1,,8,24,9,10,12,11,22,10,2
1098,2011,전남,목포시,,,1,9,11,6,12,12,9,13,3,5
1099,2011,전남,여수시,1,,1,2,2,2,3,5,6,6,4,1
1100,2011,전남,순천시,1,,,5,3,9,8,10,12,11,9,5
1101,2011,전남,나주시,,,,1,1,4,4,4,5,4,3,1
1102,2011,전남,광양시,,,,2,5,4,4,3,5,9,1,
1103,2011,전남,담양군,,,,2,2,4,4,,3,6,3,
1104,2011,전남,곡성군,,,,,1,2,,1,3,,2,
1105,2011,전남,구례군,,,1,,3,,1,2,,5,,
1106,2011,전남,고흥군,,,,,6,,2,,1,1,,
1107,2011,전남,보성군,,,,,,,2,,1,1,1,
1108,2011,전남,화순군,,2,,2,2,2,1,1,2,4,1,
1109,2011,전남,장흥군,,,,,,2,1,2,2,4,,
1110,2011,전남,강진군,,,1,1,1,2,3,1,2,5,,
1111,2011,전남,해남군,,,,,1,1,2,1,1,1,,
1112,2011,전남,영암군,,,,2,1,,1,4,5,8,3,2
1113,2011,전남,무안군,,,,1,1,,,1,2,1,2,
1114,2011,전남,함평군,,,,,,1,1,1,,2,1,
1115,2011,전남,영광군,,,,,2,1,1,2,4,3,1,
1116,2011,전남,장성군,,,,,1,1,1,1,4,2,1,
1117,2011,전남,완도군,1,,,,,,,,2,1,1,
1118,2011,전남,진도군,,,,,1,,1,,2,,1,
1119,2011,전남,신안군,,,,,,,,,1,,,
1120,2011,경북,포항시,4,1,5,16,26,17,14,27,31,31,20,13
1121,2011,경북,경주시,1,,,6,18,10,14,13,21,24,16,6
1122,2011,경북,김천시,,,,,4,5,6,5,7,9,6,1
1123,2011,경북,안동시,1,1,1,2,7,5,9,5,7,12,5,1
1124,2011,경북,구미시,2,,,22,23,10,15,16,35,35,14,13
1125,2011,경북,영주시,2,,,2,7,5,7,7,14,6,2,4
1126,2011,경북,영천시,1,,,1,6,2,3,6,9,5,4,
1127,2011,경북,문경시,,,1,,4,5,3,4,3,6,3,
1128,2011,경북,상주시,,,1,5,7,7,8,6,5,5,1,7
1129,2011,경북,군위군,,,,1,,,1,,2,1,,
1130,2011,경북,의성군,,,,,2,1,2,1,6,1,,
1131,2011,경북,청송군,,,,,1,1,,1,1,2,,
1132,2011,경북,영양군,,,,,,,1,1,2,,,
1133,2011,경북,영덕군,,,,,2,1,2,2,4,2,1,
1134,2011,경북,청도군,,,,,1,,3,2,1,1,1,
1135,2011,경북,고령군,,,,,3,1,2,,1,3,,
1136,2011,경북,성주군,,,,,2,1,1,3,1,2,1,
1137,2011,경북,칠곡군,1,,,1,2,5,1,3,5,4,4,2
1138,2011,경북,예천군,,,,,2,1,,,2,3,,
1139,2011,경북,봉화군,,,,,1,1,,3,1,,1,
1140,2011,경북,울진군,,,,2,1,1,3,1,3,1,3,
1141,2011,경북,울릉군,,,,,,,,,,,,
1142,2011,경북,경산시,1,1,3,10,9,4,4,10,22,17,5,2
1143,2011,경남,마산시,,,,2,3,4,1,3,3,3,2,
1144,2011,경남,진주시,1,3,1,5,18,18,5,9,11,17,8,1
1145,2011,경남,창원시,,,,15,6,,1,2,6,6,3,
1146,2011,경남,진해시,,,,2,,1,,1,1,1,,
1147,2011,경남,통영시,,,1,2,4,2,3,1,6,5,2,1
1148,2011,경남,김해시,,1,3,7,15,5,13,9,16,13,7,6
1149,2011,경남,밀양시,,,1,1,3,6,4,4,2,8,1,
1150,2011,경남,거제시,1,,1,14,3,1,2,7,9,10,3,4
1151,2011,경남,의령군,,,,,2,4,3,,1,1,1,
1152,2011,경남,함안군,,,,4,1,3,4,4,3,2,2,
1153,2011,경남,창녕군,,,,,,2,2,,2,4,2,
1154,2011,경남,양산시,1,1,,5,13,7,9,10,11,10,3,3
1155,2011,경남,고성군,,,,,2,2,2,2,2,2,,1
1156,2011,경남,사천시,,,,6,5,5,3,9,10,7,2,2
1157,2011,경남,남해군,,,,,1,,1,1,,1,,
1158,2011,경남,하동군,,,,,1,,1,,1,,,1
1159,2011,경남,산청군,,,,,,1,,,,1,1,
1160,2011,경남,함양군,,,,,2,1,,4,,1,,
1161,2011,경남,거창군,,,1,2,1,3,4,7,4,4,1,2
1162,2011,경남,합천군,,,1,,3,2,,,2,,,
1163,2011,경남,창원시(통합),7,1,2,32,42,23,28,23,44,48,34,17
1164,2011,제주,제주시,1,1,4,9,20,7,15,21,20,23,14,3
1165,2011,제주,서귀포시,,,,2,3,4,4,6,3,2,2,
1166,2012,서울,종로구,1,2,,5,8,4,5,5,7,7,8,1
1167,2012,서울,중구,3,,1,,5,3,3,3,1,2,6,3
1168,2012,서울,용산구,4,1,1,5,2,8,2,7,3,8,6,4
1169,2012,서울,성동구,,1,2,2,12,10,6,8,19,13,8,10
1170,2012,서울,동대문구,6,,9,13,25,19,11,19,24,22,26,10
1171,2012,서울,성북구,5,2,2,6,12,6,7,18,14,16,18,5
1172,2012,서울,도봉구,4,,6,9,11,13,11,9,18,20,14,10
1173,2012,서울,은평구,8,3,5,7,18,13,19,18,21,17,12,9
1174,2012,서울,서대문구,1,1,,1,5,2,5,4,5,6,5,2
1175,2012,서울,마포구,2,1,3,18,9,12,13,17,19,14,14,19
1176,2012,서울,강서구,9,,2,11,19,16,13,14,23,27,10,5
1177,2012,서울,구로구,5,2,4,16,20,9,11,23,13,17,15,7
1178,2012,서울,영등포구,5,2,3,18,26,15,15,18,49,24,25,18
1179,2012,서울,동작구,3,,2,6,10,3,7,10,6,7,8,5
1180,2012,서울,관악구,2,1,1,11,12,10,4,7,13,15,9,3
1181,2012,서울,강남구,4,4,6,9,16,8,11,18,14,12,16,12
1182,2012,서울,강동구,2,1,8,16,22,14,17,25,22,19,12,15
1183,2012,서울,송파구,12,4,9,22,47,26,28,34,55,46,34,25
1184,2012,서울,서초구,2,2,2,6,10,4,6,8,6,14,9,9
1185,2012,서울,양천구,5,3,6,13,18,10,22,24,10,25,13,13
1186,2012,서울,중랑구,8,1,4,12,18,28,14,14,25,29,25,13
1187,2012,서울,노원구,2,1,1,21,14,13,13,24,20,21,16,13
1188,2012,서울,광진구,10,,2,15,20,11,17,21,21,21,19,14
1189,2012,서울,강북구,4,,2,1,9,3,6,14,11,11,12,7
1190,2012,서울,금천구,5,2,5,7,13,9,7,11,14,14,10,5
1191,2012,부산,중구,,,1,1,,,,,1,1,2,
1192,2012,부산,서구,,,,1,1,1,2,1,1,4,1,
1193,2012,부산,동구,,1,,,2,1,,,,,1,4
1194,2012,부산,영도구,,,1,,,1,1,,1,,,1
1195,2012,부산,진구,,1,1,3,3,5,2,1,11,6,2,1
1196,2012,부산,동래구,1,1,1,7,6,6,9,8,16,9,15,3
1197,2012,부산,남구,1,,3,5,3,3,5,4,10,4,6,2
1198,2012,부산,북구,1,1,1,2,1,3,1,5,1,5,,1
1199,2012,부산,해운대구,1,,2,10,2,4,4,3,12,9,5,4
1200,2012,부산,사하구,2,,3,4,5,4,2,7,1,9,1,1
1201,2012,부산,금정구,2,,1,2,9,8,3,4,7,7,4,3
1202,2012,부산,강서구,,,,6,1,2,3,1,7,3,3,3
1203,2012,부산,연제구,1,2,1,5,9,2,2,6,2,8,2,2
1204,2012,부산,수영구,1,2,4,2,5,7,5,2,11,8,9,8
1205,2012,부산,사상구,3,,1,4,4,1,4,14,9,8,5,5
1206,2012,부산,기장군,,,,,2,3,3,7,4,2,1,1
1207,2012,대구,중구,3,2,,7,9,15,4,15,10,21,9,9
1208,2012,대구,동구,5,4,2,16,18,14,15,19,27,24,9,7
1209,2012,대구,서구,4,2,2,18,26,10,14,19,18,23,19,7
1210,2012,대구,남구,1,1,1,6,9,10,11,3,11,7,4,5
1211,2012,대구,북구,9,2,4,25,47,26,35,46,46,49,29,9
1212,2012,대구,수성구,6,2,5,12,20,23,23,26,32,24,16,13
1213,2012,대구,달서구,5,4,4,26,32,20,18,45,44,51,37,20
1214,2012,대구,달성군,1,,3,5,5,9,5,9,9,12,4,2
1215,2012,인천,중구,1,,,2,2,,1,2,3,4,1,
1216,2012,인천,동구,,,,2,1,1,4,1,3,6,,
1217,2012,인천,남구,2,,2,6,4,4,6,7,10,11,6,3
1218,2012,인천,부평구,2,2,6,9,12,15,12,26,20,22,13,11
1219,2012,인천,남동구,4,,3,10,18,9,17,21,15,12,7,3
1220,2012,인천,서구,,,1,8,6,6,5,6,12,16,6,
1221,2012,인천,연수구,1,,1,5,6,4,2,9,9,4,7,4
1222,2012,인천,계양구,1,1,2,4,11,2,4,7,6,11,5,2
1223,2012,인천,강화군,,,1,,2,,,,,1,,
1224,2012,인천,옹진군,,,1,,,,,,1,,,
1225,2012,광주,동구,,,2,3,8,4,8,7,6,4,4,3
1226,2012,광주,서구,,1,3,7,8,7,7,9,18,10,7,6
1227,2012,광주,북구,6,2,,15,22,14,10,14,18,15,12,13
1228,2012,광주,광산구,1,,2,13,21,8,7,15,36,33,22,6
1229,2012,광주,남구,,,1,1,5,4,3,5,7,6,3,
1230,2012,대전,동구,,,1,4,12,5,12,7,9,17,6,7
1231,2012,대전,중구,,2,2,9,10,9,6,8,3,11,3,4
1232,2012,대전,서구,4,,1,5,14,13,8,9,15,15,10,6
1233,2012,대전,유성구,2,1,1,3,4,1,4,3,4,5,4,2
1234,2012,대전,대덕구,2,,2,4,7,4,6,2,6,3,1,1
1235,2012,울산,중구,1,,1,4,9,13,4,7,10,14,4,11
1236,2012,울산,남구,1,1,3,10,11,7,6,10,7,3,16,10
1237,2012,울산,동구,,,,6,1,1,,1,2,5,2,2
1238,2012,울산,북구,,1,1,8,8,1,3,6,10,5,12,2
1239,2012,울산,울주군,1,,,2,1,8,2,4,5,6,3,2
1240,2012,세종,세종,,,1,1,2,5,,3,3,3,2,
1241,2012,경기,수원시,2,4,4,15,26,24,17,20,35,28,22,14
1242,2012,경기,성남시,1,,3,7,10,10,8,12,5,16,12,2
1243,2012,경기,의정부시,2,,3,3,9,10,8,12,16,10,13,5
1244,2012,경기,안양시,,,8,16,24,9,13,20,21,16,15,8
1245,2012,경기,부천시,9,1,5,17,36,12,13,29,39,25,27,13
1246,2012,경기,안산시,3,3,12,17,20,12,15,18,22,30,17,11
1247,2012,경기,평택시,1,1,1,7,10,4,9,7,13,7,9,5
1248,2012,경기,광명시,1,1,1,4,6,6,2,3,6,4,9,5
1249,2012,경기,구리시,1,1,2,4,5,2,4,5,4,7,6,2
1250,2012,경기,양주시,,,2,2,6,7,2,5,7,,1,1
1251,2012,경기,여주시,,,,1,2,2,3,1,3,3,,1
1252,2012,경기,화성시,3,,1,8,6,2,8,9,2,8,5,2
1253,2012,경기,시흥시,3,,1,8,11,7,8,10,10,8,17,4
1254,2012,경기,파주시,1,1,,3,6,7,7,2,7,9,2,4
1255,2012,경기,고양시,3,3,5,24,30,24,28,32,38,30,23,17
1256,2012,경기,광주시,,,,2,3,4,1,6,7,4,5,2
1257,2012,경기,연천군,,,,,,,1,,2,2,1,1
1258,2012,경기,포천시,,,1,2,1,,2,3,3,7,9,1
1259,2012,경기,가평군,1,,,,3,2,1,1,1,3,1,1
1260,2012,경기,양평군,,1,,2,3,1,5,2,1,3,1,1
1261,2012,경기,이천시,,,,5,,2,4,2,2,6,3,2
1262,2012,경기,용인시,3,2,2,7,12,9,8,8,15,10,13,4
1263,2012,경기,안성시,,,,3,4,4,3,1,6,9,,1
1264,2012,경기,김포시,1,,,1,,2,4,4,5,6,,
1265,2012,경기,동두천시,,,,1,2,3,4,7,10,5,4,3
1266,2012,경기,과천시,,,,1,,2,2,1,1,1,2,3
1267,2012,경기,군포시,,1,1,3,1,,4,3,3,5,3,1
1268,2012,경기,남양주시,1,,,3,6,7,3,8,8,4,6,3
1269,2012,경기,오산시,1,,2,1,2,1,4,3,6,9,1,1
1270,2012,경기,의왕시,1,,,1,2,4,,1,1,2,3,1
1271,2012,경기,하남시,,,,2,8,6,5,6,3,8,4,4
1272,2012,강원,춘천시,5,,1,5,17,11,11,19,19,7,14,8
1273,2012,강원,원주시,3,2,1,4,21,9,10,17,15,13,8,3
1274,2012,강원,동해시,,,,,2,6,1,4,1,3,,1
1275,2012,강원,강릉시,1,1,,4,8,8,8,5,16,13,3,4
1276,2012,강원,속초시,2,,1,3,,,2,5,4,1,,1
1277,2012,강원,태백시,,,,,1,,,,2,,,
1278,2012,강원,삼척시,1,1,2,,1,3,4,2,2,2,1,
1279,2012,강원,홍천군,1,,,2,3,4,2,,,1,,2
1280,2012,강원,횡성군,,,,,,1,1,2,,,,
1281,2012,강원,영월군,,,,,1,,1,,,2,,
1282,2012,강원,평창군,,,,1,,,,1,1,1,,
1283,2012,강원,정선군,,,,,,,,,,,1,
1284,2012,강원,철원군,,,1,,3,,1,,1,1,2,
1285,2012,강원,화천군,,,,,,1,,,,,,
1286,2012,강원,양구군,,,,,,,,1,1,,,
1287,2012,강원,인제군,,,,,,,,,,,,
1288,2012,강원,고성군,,,,,,,,1,2,,,
1289,2012,강원,양양군,,,,,2,2,,2,,1,,1
1290,2012,충북,청주시,4,5,3,25,29,18,28,32,38,47,28,18
1291,2012,충북,충주시,1,,2,3,6,11,15,11,13,27,9,2
1292,2012,충북,제천시,,,,1,3,2,9,3,3,6,6,2
1293,2012,충북,청원군,,,1,2,4,2,6,3,5,7,4,1
1294,2012,충북,보은군,,,,,2,3,2,,,2,3,
1295,2012,충북,옥천군,,,,2,3,1,1,,1,,,1
1296,2012,충북,영동군,,,,1,2,1,2,5,2,,1,
1297,2012,충북,진천군,,,1,1,2,1,1,,3,2,2,1
1298,2012,충북,괴산군,,,,,,2,,1,3,1,2,
1299,2012,충북,음성군,,,,,1,4,2,2,3,3,,
1300,2012,충북,단양군,1,,,,,,1,1,,,,
1301,2012,충북,증평군,,,,2,3,,2,2,2,2,,
1302,2012,충남,천안시,1,1,2,2,3,7,11,6,15,10,9,8
1303,2012,충남,아산시,1,1,,1,2,1,,1,2,1,2,2
1304,2012,충남,보령시,,,,,2,2,1,,8,2,2,
1305,2012,충남,공주시,,,,,3,1,1,1,,2,4,1
1306,2012,충남,서산시,,,1,,2,4,2,,4,6,5,
1307,2012,충남,금산군,,,,,2,2,1,2,2,3,,
1308,2012,충남,태안군,,,,,,,2,,,1,1,
1309,2012,충남,연기군,,,,,,2,,,1,1,,
1310,2012,충남,논산시,,,,1,2,2,4,3,2,3,2,
1311,2012,충남,부여군,,,,1,1,1,1,1,5,3,,1
1312,2012,충남,서천군,,2,1,1,4,3,4,1,3,4,2,1
1313,2012,충남,청양군,,,,,1,1,,1,2,1,1,
1314,2012,충남,홍성군,,,1,1,2,,4,1,,2,1,
1315,2012,충남,예산군,,,,1,2,1,1,4,4,2,1,
1316,2012,충남,당진시,,,,,2,2,1,,,,,
1317,2012,충남,계룡시,,,,,,,,,,,,
1318,2012,전북,전주시,8,,1,11,30,11,12,27,21,22,14,10
1319,2012,전북,군산시,,,3,14,20,15,14,13,15,23,15,5
1320,2012,전북,정읍시,1,,,1,7,8,3,3,6,7,8,1
1321,2012,전북,남원시,,,1,3,6,5,4,7,11,3,8,1
1322,2012,전북,김제시,1,,,2,3,3,1,,5,4,,1
1323,2012,전북,완주군,,,,1,,4,1,3,1,3,1,
1324,2012,전북,진안군,,,,1,,1,1,1,,,,
1325,2012,전북,무주군,,,,1,,,,1,,,,
1326,2012,전북,장수군,,,,,,,,,2,,,
1327,2012,전북,임실군,,,,,1,1,,1,1,1,1,
1328,2012,전북,순창군,,,,,3,2,,3,,,,
1329,2012,전북,고창군,,,,2,1,,,4,,,1,1
1330,2012,전북,부안군,,,,1,3,4,2,2,1,3,3,1
1331,2012,전북,익산시,3,,1,13,17,12,7,12,15,22,10,3
1332,2012,전남,목포시,,1,2,11,6,8,8,10,21,13,14,3
1333,2012,전남,여수시,,,,3,5,1,7,2,5,6,1,
1334,2012,전남,순천시,,,4,7,8,4,6,11,10,14,5,4
1335,2012,전남,나주시,,,,1,6,2,1,5,4,5,5,
1336,2012,전남,광양시,,1,,4,9,6,1,6,3,6,1,2
1337,2012,전남,담양군,,,,1,1,3,3,1,3,4,1,
1338,2012,전남,곡성군,,,,,1,,2,3,2,,,
1339,2012,전남,구례군,,,,1,,1,1,1,,2,,
1340,2012,전남,고흥군,,,,1,2,2,3,1,1,,1,1
1341,2012,전남,보성군,,,,1,2,,,1,,2,,
1342,2012,전남,화순군,,,,1,2,5,3,2,,3,,1
1343,2012,전남,장흥군,,,,,2,2,3,3,3,1,2,
1344,2012,전남,강진군,,,,,2,2,,3,,1,1,
1345,2012,전남,해남군,,,,,1,1,1,,2,1,1,
1346,2012,전남,영암군,,,,2,3,1,1,,1,4,,
1347,2012,전남,무안군,,,,2,,,2,,2,,1,
1348,2012,전남,함평군,,,,,,1,1,,1,2,,1
1349,2012,전남,영광군,,,,1,1,,1,1,1,1,,
1350,2012,전남,장성군,,,1,1,,1,,1,1,3,,
1351,2012,전남,완도군,,,,1,,1,2,,1,2,,1
1352,2012,전남,진도군,,,,,,1,,,,,1,
1353,2012,전남,신안군,,,,,,,1,1,,1,,
1354,2012,경북,포항시,2,3,2,12,30,21,19,17,24,24,14,11
1355,2012,경북,경주시,3,1,2,9,18,15,22,18,28,19,11,4
1356,2012,경북,김천시,2,,1,1,3,8,5,6,7,4,3,1
1357,2012,경북,안동시,,,,4,5,7,5,8,11,6,8,2
1358,2012,경북,구미시,1,1,1,21,12,13,14,13,21,16,17,8
1359,2012,경북,영주시,,1,1,1,6,9,12,9,7,4,7,2
1360,2012,경북,영천시,,,,5,,1,1,2,6,1,2,1
1361,2012,경북,문경시,,,1,4,2,3,5,2,8,4,2,
1362,2012,경북,상주시,1,,,9,7,6,4,9,18,8,6,3
1363,2012,경북,군위군,,,,,1,1,,2,,,1,
1364,2012,경북,의성군,,,,,,1,,5,2,2,,2
1365,2012,경북,청송군,,,,,,,2,,,,,
1366,2012,경북,영양군,,,,,,2,1,,,,,
1367,2012,경북,영덕군,,,,1,1,1,,4,5,1,,
1368,2012,경북,청도군,,,,,1,,,2,1,1,2,
1369,2012,경북,고령군,1,,,1,3,3,2,,2,2,,
1370,2012,경북,성주군,,,,,2,2,1,1,3,3,2,1
1371,2012,경북,칠곡군,,,,1,2,4,2,11,3,5,,2
1372,2012,경북,예천군,,,,,,2,,1,1,1,,
1373,2012,경북,봉화군,,,,,4,1,1,1,,,,
1374,2012,경북,울진군,,,,,,2,2,4,2,1,,
1375,2012,경북,경산시,1,,1,10,8,5,3,9,5,17,7,2
1376,2012,경남,진주시,1,,2,7,10,6,15,11,8,13,7,2
1377,2012,경남,통영시,1,,,4,3,3,3,1,4,9,2,
1378,2012,경남,김해시,3,1,2,7,11,13,9,11,15,10,12,
1379,2012,경남,밀양시,1,,,,1,1,4,1,2,3,,1
1380,2012,경남,거제시,,,1,13,3,,3,2,9,16,5,4
1381,2012,경남,의령군,,,,1,1,2,2,1,1,,1,
1382,2012,경남,함안군,,,,2,2,2,1,3,2,2,,1
1383,2012,경남,창녕군,,,,1,3,1,2,2,5,,1,1
1384,2012,경남,양산시,,,,3,3,4,8,3,13,12,6,2
1385,2012,경남,고성군,,,,1,1,,,,,1,,
1386,2012,경남,사천시,,1,,2,3,1,1,3,5,2,3,2
1387,2012,경남,남해군,,,,,,,,,1,,,
1388,2012,경남,하동군,,,,,,,1,,,,,
1389,2012,경남,산청군,,,,,,,1,,,,,
1390,2012,경남,함양군,,,,2,,2,,1,1,2,,
1391,2012,경남,거창군,,,,1,5,4,1,2,3,4,3,1
1392,2012,경남,합천군,,,,1,2,,1,3,2,1,,
1393,2012,경남,창원시(통합),3,5,5,28,33,21,25,23,29,32,27,10
1394,2012,제주,제주시,1,1,6,7,14,11,8,16,20,17,13,8
1395,2012,제주,서귀포시,,,,,3,2,2,4,7,3,3,
1396,2013,서울,종로구,,,2,1,6,5,4,4,6,4,9,3
1397,2013,서울,중구,,,,3,3,2,3,4,1,6,2,2
1398,2013,서울,용산구,1,,,3,3,7,12,12,8,14,6,5
1399,2013,서울,성동구,1,1,5,8,14,17,12,15,17,14,8,6
1400,2013,서울,동대문구,7,4,4,8,25,26,22,24,32,32,21,18
1401,2013,서울,성북구,5,,3,5,13,10,10,5,7,10,8,4
1402,2013,서울,도봉구,4,,4,7,12,16,12,12,13,15,12,8
1403,2013,서울,은평구,2,1,4,10,10,10,5,16,26,13,12,8
1404,2013,서울,서대문구,,,2,1,5,5,7,4,6,8,7,4
1405,2013,서울,마포구,8,1,5,10,9,14,8,19,21,14,20,10
1406,2013,서울,강서구,4,3,6,10,12,13,12,25,26,21,15,14
1407,2013,서울,구로구,4,2,5,4,9,13,15,16,17,17,17,9
1408,2013,서울,영등포구,7,,5,15,22,28,18,34,46,33,26,16
1409,2013,서울,동작구,4,1,1,8,11,7,8,8,7,11,8,12
1410,2013,서울,관악구,3,3,,5,10,12,4,13,19,14,10,9
1411,2013,서울,강남구,3,3,6,12,16,7,8,17,26,9,13,9
1412,2013,서울,강동구,5,3,3,14,15,21,24,20,18,16,21,10
1413,2013,서울,송파구,10,7,18,31,43,35,39,45,51,36,34,24
1414,2013,서울,서초구,3,2,2,,9,7,6,11,10,9,7,7
1415,2013,서울,양천구,6,2,4,21,13,13,15,18,18,29,12,9
1416,2013,서울,중랑구,5,2,3,10,20,15,14,24,19,33,15,17
1417,2013,서울,노원구,2,,10,12,19,14,12,8,26,25,17,15
1418,2013,서울,광진구,4,3,7,12,20,12,17,13,19,20,14,11
1419,2013,서울,강북구,1,1,1,5,11,7,5,7,6,13,8,3
1420,2013,서울,금천구,3,,2,8,11,6,7,7,8,14,8,5
1421,2013,부산,중구,,,,,1,2,1,1,,,,
1422,2013,부산,서구,,,,4,,,,1,1,1,,2
1423,2013,부산,동구,,,,1,,2,,2,1,1,,1
1424,2013,부산,영도구,,,,2,,,,1,,,,1
1425,2013,부산,진구,3,,7,1,11,2,6,3,4,2,4,1
1426,2013,부산,동래구,2,,3,6,10,4,5,4,11,10,8,7
1427,2013,부산,남구,,1,2,9,4,6,5,4,6,6,4,4
1428,2013,부산,북구,1,,2,,3,2,,3,4,5,4,
1429,2013,부산,해운대구,2,,3,5,4,6,5,8,4,9,3,7
1430,2013,부산,사하구,,1,,5,3,4,2,10,4,8,5,2
1431,2013,부산,금정구,3,3,2,4,7,3,6,11,15,2,7,6
1432,2013,부산,강서구,,,,9,4,4,2,5,5,2,4,
1433,2013,부산,연제구,2,1,3,2,6,9,2,2,6,5,4,3
1434,2013,부산,수영구,3,1,1,4,4,3,6,5,8,6,9,6
1435,2013,부산,사상구,,,,5,8,7,9,6,7,8,1,5
1436,2013,부산,기장군,,,,2,2,3,,5,3,4,2,1
1437,2013,대구,중구,5,1,4,7,8,10,7,15,11,7,10,4
1438,2013,대구,동구,2,1,6,12,17,9,21,17,25,26,14,7
1439,2013,대구,서구,3,1,1,12,22,10,9,11,13,23,20,8
1440,2013,대구,남구,2,1,,5,7,6,6,9,14,5,11,5
1441,2013,대구,북구,6,2,9,23,47,36,32,30,44,53,35,17
1442,2013,대구,수성구,8,1,3,12,36,26,16,23,43,24,23,20
1443,2013,대구,달서구,5,4,5,34,56,30,22,38,57,45,38,19
1444,2013,대구,달성군,1,1,1,1,7,3,6,10,13,9,6,3
1445,2013,인천,중구,,1,,3,4,3,1,2,4,4,1,1
1446,2013,인천,동구,,,,1,1,,1,4,6,,2,
1447,2013,인천,남구,1,1,1,2,3,3,5,7,8,9,5,4
1448,2013,인천,부평구,1,2,6,6,22,9,15,10,13,11,12,8
1449,2013,인천,남동구,,,,13,13,9,13,15,18,12,9,4
1450,2013,인천,서구,1,2,3,6,4,11,5,9,10,13,5,1
1451,2013,인천,연수구,1,,1,3,6,4,4,3,4,6,5,5
1452,2013,인천,계양구,,2,2,8,11,7,6,11,10,12,1,3
1453,2013,인천,강화군,,,,3,1,,,1,,2,,
1454,2013,인천,옹진군,,,,,,,,,1,,1,
1455,2013,광주,동구,,1,,6,8,4,6,6,4,3,3,
1456,2013,광주,서구,1,,2,4,7,4,19,10,19,15,6,4
1457,2013,광주,북구,6,1,2,17,16,7,11,16,18,12,8,5
1458,2013,광주,광산구,4,,2,8,13,6,8,13,22,22,16,7
1459,2013,광주,남구,1,2,1,5,5,2,7,5,7,5,4,4
1460,2013,대전,동구,1,1,2,6,17,10,2,6,8,13,9,8
1461,2013,대전,중구,1,4,4,6,4,5,13,4,9,7,5,8
1462,2013,대전,서구,4,,1,1,15,8,5,10,11,21,8,8
1463,2013,대전,유성구,3,1,1,1,9,7,3,5,7,7,4,6
1464,2013,대전,대덕구,,,,3,6,2,4,3,2,4,5,2
1465,2013,울산,중구,2,2,2,8,10,10,5,8,6,11,7,4
1466,2013,울산,남구,2,2,3,11,10,12,8,12,11,17,9,4
1467,2013,울산,동구,,,1,13,2,1,3,1,9,4,2,2
1468,2013,울산,북구,1,1,2,2,4,3,1,8,13,8,3,5
1469,2013,울산,울주군,1,,,2,1,5,,3,3,8,1,
1470,2013,세종,세종,,,1,3,3,2,1,4,2,3,,2
1471,2013,경기,수원시,5,1,7,24,40,25,22,32,28,46,29,15
1472,2013,경기,성남시,2,1,2,8,13,10,5,10,7,10,5,6
1473,2013,경기,의정부시,,2,1,1,12,5,8,12,16,10,8,4
1474,2013,경기,안양시,4,1,4,10,20,12,15,18,23,19,13,13
1475,2013,경기,부천시,5,2,3,20,33,23,21,26,40,34,10,16
1476,2013,경기,안산시,4,3,6,19,27,14,14,26,27,32,27,6
1477,2013,경기,평택시,,,1,8,7,9,7,8,6,7,7,4
1478,2013,경기,광명시,1,1,1,2,2,4,8,8,8,9,2,2
1479,2013,경기,구리시,,1,1,3,3,2,5,8,3,4,6,1
1480,2013,경기,양주시,,,2,3,4,1,2,3,7,5,1,3
1481,2013,경기,여주시,1,,,,3,1,1,2,2,2,2,1
1482,2013,경기,화성시,4,1,2,2,4,5,7,9,13,11,9,1
1483,2013,경기,시흥시,1,,1,10,12,9,6,8,10,25,11,3
1484,2013,경기,파주시,,,,,8,1,4,4,8,12,4,2
1485,2013,경기,고양시,5,2,6,14,38,28,30,47,53,43,22,21
1486,2013,경기,광주시,1,,,4,4,5,1,6,9,5,4,2
1487,2013,경기,연천군,,,,,1,1,,,,,,
1488,2013,경기,포천시,1,1,,2,2,1,1,5,5,2,2,
1489,2013,경기,가평군,,,,1,4,4,3,4,4,1,2,2
1490,2013,경기,양평군,,,1,,4,4,6,2,6,4,,1
1491,2013,경기,이천시,,,,2,2,4,1,1,6,6,3,1
1492,2013,경기,용인시,1,,2,4,6,8,10,10,12,15,11,7
1493,2013,경기,안성시,,,,3,5,5,4,4,2,3,5,
1494,2013,경기,김포시,1,,,1,5,5,2,7,6,6,3,1
1495,2013,경기,동두천시,,,1,,3,2,3,5,8,1,3,
1496,2013,경기,과천시,,,,2,1,4,3,,1,,,
1497,2013,경기,군포시,,1,2,2,3,3,,,4,8,5,3
1498,2013,경기,남양주시,,,2,1,6,7,6,13,13,10,12,3
1499,2013,경기,오산시,1,,1,5,4,4,4,5,7,6,3,4
1500,2013,경기,의왕시,,,1,3,4,2,4,3,4,4,3,
1501,2013,경기,하남시,1,,1,7,9,8,7,8,9,9,3,3
1502,2013,강원,춘천시,1,1,,6,14,5,6,15,25,10,6,4
1503,2013,강원,원주시,2,,,8,18,11,10,11,17,20,5,8
1504,2013,강원,동해시,,,,2,3,2,2,,4,,1,
1505,2013,강원,강릉시,,,1,3,9,6,5,4,6,11,6,4
1506,2013,강원,속초시,,,,,1,4,2,3,8,3,1,1
1507,2013,강원,태백시,,,,,1,,,1,,,,
1508,2013,강원,삼척시,,,,1,6,2,2,2,4,1,1,
1509,2013,강원,홍천군,,,,1,,3,1,1,,4,,
1510,2013,강원,횡성군,,,,,1,,,1,,,,
1511,2013,강원,영월군,,,,,2,,,2,,1,,
1512,2013,강원,평창군,,,,,,,1,1,,,1,
1513,2013,강원,정선군,,,,,,,,,,,,
1514,2013,강원,철원군,1,,,,4,,2,2,3,1,,
1515,2013,강원,화천군,,,,,1,,1,,1,,1,
1516,2013,강원,양구군,,,,,,,1,,1,,1,
1517,2013,강원,인제군,,,,,,,,,,,,
1518,2013,강원,고성군,,,,,1,1,,1,1,,,
1519,2013,강원,양양군,,,,,,2,,,,,1,
1520,2013,충북,청주시,,,4,25,38,21,27,26,40,29,20,16
1521,2013,충북,충주시,1,,3,5,13,7,11,9,19,10,5,2
1522,2013,충북,제천시,,,,1,6,4,7,6,6,8,2,
1523,2013,충북,청원군,,,,4,8,2,1,7,3,7,4,3
1524,2013,충북,보은군,,,,,,1,2,1,3,1,1,
1525,2013,충북,옥천군,,,,1,3,1,,3,2,1,,
1526,2013,충북,영동군,,,,,1,2,1,1,1,4,1,
1527,2013,충북,진천군,,,,,1,2,,2,,,1,
1528,2013,충북,괴산군,,,,1,1,1,,,2,3,,
1529,2013,충북,음성군,,,,,,1,3,1,3,1,2,1
1530,2013,충북,단양군,,,,,,,,1,1,2,,
1531,2013,충북,증평군,,,,1,,1,,3,1,6,2,
1532,2013,충남,천안시,2,,3,6,5,5,5,8,7,5,6,2
1533,2013,충남,아산시,,,,1,2,2,3,3,4,2,2,3
1534,2013,충남,보령시,,,1,3,4,3,2,2,6,2,3,2
1535,2013,충남,공주시,,,,1,5,3,1,1,2,2,1,
1536,2013,충남,서산시,,,1,,5,3,2,7,5,3,4,
1537,2013,충남,금산군,,,,2,,2,1,4,4,2,1,2
1538,2013,충남,태안군,,,,,1,,,,1,,1,
1539,2013,충남,연기군,,,,,,,,,,,,
1540,2013,충남,논산시,,,,2,3,4,3,5,9,4,1,
1541,2013,충남,부여군,,,,2,2,3,2,2,1,1,,
1542,2013,충남,서천군,,,,,2,6,1,,,,2,
1543,2013,충남,청양군,,,,1,,,1,1,,,,
1544,2013,충남,홍성군,,,,2,3,4,1,1,4,4,1,
1545,2013,충남,예산군,,,,2,1,2,1,4,4,1,1,
1546,2013,충남,당진시,,,,1,,3,1,2,3,4,2,1
1547,2013,충남,계룡시,,,,1,,,1,,1,1,,
1548,2013,전북,전주시,5,,4,22,22,14,16,23,29,17,20,7
1549,2013,전북,군산시,2,1,3,6,14,15,13,12,16,24,9,2
1550,2013,전북,정읍시,1,,,5,6,9,6,10,9,7,2,3
1551,2013,전북,남원시,,,1,,8,2,4,5,7,8,3,2
1552,2013,전북,김제시,,,,3,,2,3,3,4,2,5,1
1553,2013,전북,완주군,,,,2,1,1,,5,4,4,1,
1554,2013,전북,진안군,,,,1,1,,,1,2,,2,
1555,2013,전북,무주군,,,,,,,,,,,,
1556,2013,전북,장수군,,,,,,1,,,,,,
1557,2013,전북,임실군,,,,,2,1,1,,1,,,
1558,2013,전북,순창군,,1,,,2,,1,,1,2,1,
1559,2013,전북,고창군,,,,,,,,1,2,2,,
1560,2013,전북,부안군,,,,1,2,2,4,2,4,2,,
1561,2013,전북,익산시,2,1,2,7,20,13,12,15,25,17,6,1
1562,2013,전남,목포시,,,1,4,12,8,6,5,15,18,10,4
1563,2013,전남,여수시,,,,1,2,2,3,5,5,3,2,4
1564,2013,전남,순천시,,,,7,11,10,11,10,11,15,11,3
1565,2013,전남,나주시,1,,,5,8,2,5,5,4,2,3,
1566,2013,전남,광양시,,,,3,3,,5,5,8,7,4,
1567,2013,전남,담양군,,,,2,2,1,1,3,5,1,1,1
1568,2013,전남,곡성군,,,,,2,,1,1,4,1,,1
1569,2013,전남,구례군,,,,,1,1,,,1,2,,
1570,2013,전남,고흥군,,,,,3,1,2,2,,,1,
1571,2013,전남,보성군,,,,1,1,1,,1,,4,,
1572,2013,전남,화순군,,,,2,2,,,1,1,5,1,
1573,2013,전남,장흥군,,1,,,3,1,2,,1,1,,1
1574,2013,전남,강진군,,,,1,3,,2,,2,,,1
1575,2013,전남,해남군,,,1,,3,2,1,,1,1,,1
1576,2013,전남,영암군,,,1,4,3,1,3,1,,6,1,1
1577,2013,전남,무안군,,,,,,,1,2,1,3,,
1578,2013,전남,함평군,,,,,,,2,2,,,,1
1579,2013,전남,영광군,,,,,1,1,,1,2,1,1,
1580,2013,전남,장성군,,,1,,,1,3,4,1,3,1,
1581,2013,전남,완도군,,,,1,1,,,,1,1,1,
1582,2013,전남,진도군,,,,,,1,,,1,,,
1583,2013,전남,신안군,,,,,,1,,,,1,1,1
1584,2013,경북,포항시,2,1,7,14,31,28,20,23,33,26,18,11
1585,2013,경북,경주시,2,,1,12,24,22,12,23,22,23,17,9
1586,2013,경북,김천시,,,,6,5,5,2,5,5,5,3,5
1587,2013,경북,안동시,1,,2,2,8,10,8,7,6,9,3,
1588,2013,경북,구미시,2,4,2,10,20,9,9,14,25,22,14,6
1589,2013,경북,영주시,,,,2,5,7,5,3,9,10,5,1
1590,2013,경북,영천시,,,,1,3,2,5,5,7,4,,2
1591,2013,경북,문경시,,,,1,5,3,4,1,7,2,,2
1592,2013,경북,상주시,1,,,6,12,9,10,13,15,12,4,3
1593,2013,경북,군위군,,,,1,,2,1,,,2,,
1594,2013,경북,의성군,,,1,1,1,,2,2,1,3,,
1595,2013,경북,청송군,,,,,,,,,,,,
1596,2013,경북,영양군,,,,,,2,1,,1,1,,
1597,2013,경북,영덕군,,,,1,1,2,4,2,3,3,5,
1598,2013,경북,청도군,,,,,,,,2,,1,1,1
1599,2013,경북,고령군,,,,2,,1,1,2,1,,2,
1600,2013,경북,성주군,,,,1,1,4,,2,5,5,1,
1601,2013,경북,칠곡군,2,,,2,6,2,3,4,1,5,4,1
1602,2013,경북,예천군,,,,,,1,,1,2,1,,
1603,2013,경북,봉화군,,,,,,,,1,3,1,1,
1604,2013,경북,울진군,,,,2,,,,3,3,2,2,
1605,2013,경북,경산시,5,,3,13,7,8,11,17,12,13,4,10
1606,2013,경남,진주시,,3,,6,12,9,12,14,15,14,9,5
1607,2013,경남,통영시,,2,,3,5,2,3,5,5,5,2,1
1608,2013,경남,김해시,1,1,2,9,11,7,11,11,16,20,7,6
1609,2013,경남,밀양시,,,,4,4,4,1,2,5,5,4,
1610,2013,경남,거제시,2,2,,12,3,5,1,,12,13,6,6
1611,2013,경남,의령군,,,,2,,1,2,,,,1,
1612,2013,경남,함안군,,,,,3,1,2,5,1,2,2,1
1613,2013,경남,창녕군,,,,1,2,1,,2,1,1,2,1
1614,2013,경남,양산시,1,,2,8,5,5,10,8,14,10,2,
1615,2013,경남,고성군,,,,1,3,1,1,1,,3,1,
1616,2013,경남,사천시,,,,1,4,4,7,2,3,6,3,2
1617,2013,경남,남해군,,,,,,,,1,,,,
1618,2013,경남,하동군,,,,1,,,,,3,1,,
1619,2013,경남,산청군,,,,,,,,,1,,,
1620,2013,경남,함양군,,,,3,2,2,,1,,1,,1
1621,2013,경남,거창군,,,,1,1,3,,2,2,5,1,
1622,2013,경남,합천군,,,,1,1,1,1,1,2,2,,
1623,2013,경남,창원시(통합),7,1,7,34,38,26,20,28,33,43,29,16
1624,2013,제주,제주시,2,2,,9,12,16,21,25,19,25,14,5
1625,2013,제주,서귀포시,,,,3,1,4,7,6,7,2,2,1
1626,2014,서울,종로구,3,1,2,7,6,5,1,5,6,8,6,3
1627,2014,서울,중구,2,2,1,5,1,4,,4,2,4,3,3
1628,2014,서울,용산구,2,1,,9,11,8,7,13,14,8,8,3
1629,2014,서울,성동구,4,,3,8,22,16,13,17,25,18,13,5
1630,2014,서울,동대문구,5,1,4,13,38,20,17,23,38,37,28,14
1631,2014,서울,성북구,1,,4,6,15,8,6,15,13,19,14,16
1632,2014,서울,도봉구,3,,3,10,20,12,9,8,22,16,17,6
1633,2014,서울,은평구,4,1,6,7,15,10,11,12,22,28,9,10
1634,2014,서울,서대문구,2,1,,1,8,7,9,8,6,8,8,3
1635,2014,서울,마포구,4,2,2,6,17,10,15,18,16,16,18,11
1636,2014,서울,강서구,3,,7,17,26,18,22,26,26,26,18,14
1637,2014,서울,구로구,2,1,5,13,15,10,14,26,20,30,24,20
1638,2014,서울,영등포구,5,3,5,11,28,32,25,38,52,39,46,37
1639,2014,서울,동작구,5,2,6,3,15,12,10,18,18,11,16,10
1640,2014,서울,관악구,5,1,3,7,11,10,13,10,20,17,9,8
1641,2014,서울,강남구,6,4,4,7,24,12,16,19,31,21,14,16
1642,2014,서울,강동구,10,6,5,15,30,22,23,23,34,31,20,12
1643,2014,서울,송파구,12,4,13,34,42,33,29,39,72,65,40,42
1644,2014,서울,서초구,4,6,3,6,10,12,6,7,12,16,14,13
1645,2014,서울,양천구,6,1,6,19,31,18,19,17,32,25,25,17
1646,2014,서울,중랑구,6,1,4,13,32,17,20,32,29,31,25,14
1647,2014,서울,노원구,3,4,7,20,22,21,16,18,29,26,21,9
1648,2014,서울,광진구,7,1,3,13,18,24,19,25,28,27,20,21
1649,2014,서울,강북구,2,4,6,5,17,14,16,9,12,13,19,8
1650,2014,서울,금천구,3,,3,9,10,7,8,8,15,12,11,5
1651,2014,부산,중구,1,,,1,1,2,1,1,2,3,,2
1652,2014,부산,서구,,,1,1,4,3,1,,4,3,2,1
1653,2014,부산,동구,,2,1,2,3,1,,3,1,3,1,1
1654,2014,부산,영도구,,,,,1,,1,,,,1,1
1655,2014,부산,진구,1,,2,,3,6,4,4,7,5,4,5
1656,2014,부산,동래구,1,1,2,6,2,11,9,5,14,6,14,5
1657,2014,부산,남구,,,2,3,5,9,1,6,13,3,8,7
1658,2014,부산,북구,,,1,,4,3,6,5,7,1,2,3
1659,2014,부산,해운대구,1,3,3,7,9,5,9,7,15,7,13,5
1660,2014,부산,사하구,,,2,4,1,5,2,7,6,8,2,3
1661,2014,부산,금정구,,,,3,7,1,5,9,7,10,5,2
1662,2014,부산,강서구,,,,7,6,5,2,3,3,6,3,2
1663,2014,부산,연제구,1,,1,2,4,1,5,6,8,2,8,3
1664,2014,부산,수영구,4,,3,4,4,4,1,9,11,5,10,6
1665,2014,부산,사상구,1,,1,6,7,6,4,6,10,10,4,2
1666,2014,부산,기장군,,,,,1,2,1,1,1,2,,1
1667,2014,대구,중구,4,1,1,8,13,10,14,18,15,12,11,5
1668,2014,대구,동구,4,2,2,16,31,18,12,28,31,36,18,7
1669,2014,대구,서구,1,2,3,19,26,10,20,19,27,21,16,12
1670,2014,대구,남구,4,,3,7,10,6,8,10,14,11,12,7
1671,2014,대구,북구,8,1,10,36,48,22,31,39,51,42,39,8
1672,2014,대구,수성구,5,1,3,16,33,25,25,23,36,33,32,11
1673,2014,대구,달서구,10,,3,28,54,23,26,45,67,50,32,26
1674,2014,대구,달성군,,,1,5,9,6,9,11,17,10,10,8
1675,2014,인천,중구,,,,1,3,4,2,4,4,4,2,2
1676,2014,인천,동구,,,,1,3,,,2,,2,3,
1677,2014,인천,남구,3,2,2,2,7,9,4,8,5,8,8,5
1678,2014,인천,부평구,3,2,4,18,21,15,15,22,19,19,14,5
1679,2014,인천,남동구,1,,2,15,24,8,7,13,20,14,19,6
1680,2014,인천,서구,,1,2,7,8,4,14,8,13,24,11,2
1681,2014,인천,연수구,1,,1,8,5,5,8,11,11,7,6,5
1682,2014,인천,계양구,1,,,9,10,11,5,15,14,16,6,5
1683,2014,인천,강화군,,,,,,2,2,2,1,3,,
1684,2014,인천,옹진군,,,,,,,1,,,,,
1685,2014,광주,동구,,,1,,8,8,7,3,4,9,3,4
1686,2014,광주,서구,,,4,12,12,6,6,7,16,21,4,6
1687,2014,광주,북구,4,1,4,12,19,10,8,16,30,15,13,9
1688,2014,광주,광산구,2,2,4,9,14,9,13,20,28,34,15,15
1689,2014,광주,남구,,,3,8,8,5,7,7,14,10,3,3
1690,2014,대전,동구,2,1,1,5,12,5,5,4,9,11,7,1
1691,2014,대전,중구,,,4,13,15,13,13,20,18,13,9,6
1692,2014,대전,서구,2,6,3,8,15,12,12,13,23,18,13,20
1693,2014,대전,유성구,3,,1,4,6,6,8,5,6,22,6,6
1694,2014,대전,대덕구,,1,,5,11,4,4,5,13,6,3,1
1695,2014,울산,중구,2,,3,8,9,8,6,9,10,8,10,5
1696,2014,울산,남구,3,1,3,10,9,5,9,20,20,19,14,4
1697,2014,울산,동구,,,2,8,2,4,2,3,8,2,3,4
1698,2014,울산,북구,2,1,4,9,7,5,6,11,12,10,4,4
1699,2014,울산,울주군,1,,1,5,6,3,3,4,5,1,1,1
1700,2014,세종,세종,,,,,3,2,5,1,3,5,,5
1701,2014,경기,수원시,7,3,11,32,46,30,34,49,48,61,35,29
1702,2014,경기,성남시,6,2,5,8,27,10,11,17,19,29,18,13
1703,2014,경기,의정부시,4,1,5,7,16,12,12,16,23,21,13,10
1704,2014,경기,안양시,4,3,5,19,30,22,19,28,36,34,22,13
1705,2014,경기,부천시,10,3,6,26,44,29,21,35,47,59,40,21
1706,2014,경기,안산시,7,3,9,36,38,18,17,35,48,55,30,17
1707,2014,경기,평택시,1,,1,16,5,15,6,12,12,17,12,3
1708,2014,경기,광명시,3,,2,7,8,5,12,5,8,11,3,8
1709,2014,경기,구리시,,,,7,10,9,3,5,14,11,9,5
1710,2014,경기,양주시,1,,1,3,4,3,4,4,7,4,3,1
1711,2014,경기,여주시,,,,1,2,2,2,5,5,4,5,
1712,2014,경기,화성시,3,1,3,12,9,5,11,5,9,11,9,3
1713,2014,경기,시흥시,,,3,17,17,9,7,14,15,16,12,9
1714,2014,경기,파주시,,,2,7,9,5,5,13,18,9,8,
1715,2014,경기,고양시,8,,5,16,45,33,49,45,62,56,25,35
1716,2014,경기,광주시,1,,1,4,6,6,3,4,6,11,2,
1717,2014,경기,연천군,,,,1,1,,3,2,4,2,,
1718,2014,경기,포천시,1,,1,2,6,4,5,6,6,7,3,1
1719,2014,경기,가평군,,,,2,1,6,5,3,3,3,2,1
1720,2014,경기,양평군,,,,1,3,4,3,4,,1,2,
1721,2014,경기,이천시,1,,,1,1,2,1,4,3,6,2,
1722,2014,경기,용인시,5,,2,9,17,18,15,14,27,33,16,9
1723,2014,경기,안성시,,,1,2,7,6,3,1,10,10,3,3
1724,2014,경기,김포시,,,,6,8,3,10,12,13,13,2,6
1725,2014,경기,동두천시,1,,,2,6,2,2,7,7,11,3,
1726,2014,경기,과천시,,,,,4,2,2,3,1,4,,3
1727,2014,경기,군포시,1,,2,2,3,6,5,5,10,7,8,
1728,2014,경기,남양주시,2,1,3,9,10,11,10,24,27,26,11,4
1729,2014,경기,오산시,1,,2,7,5,4,4,6,6,13,7,2
1730,2014,경기,의왕시,,1,,3,9,3,1,6,5,6,2,1
1731,2014,경기,하남시,,,1,5,5,8,4,12,13,13,6,9
1732,2014,강원,춘천시,4,1,1,3,17,11,9,12,19,15,7,6
1733,2014,강원,원주시,,2,1,8,13,15,16,20,23,12,13,3
1734,2014,강원,동해시,,,1,,3,1,4,5,4,4,,2
1735,2014,강원,강릉시,1,,4,5,12,10,12,4,16,16,7,2
1736,2014,강원,속초시,,1,,1,3,3,5,1,9,4,3,1
1737,2014,강원,태백시,,,,,,,1,1,1,,1,
1738,2014,강원,삼척시,1,,,2,6,3,5,2,9,4,5,
1739,2014,강원,홍천군,,,,,1,1,1,3,4,3,1,
1740,2014,강원,횡성군,,,,,1,,,1,1,,,
1741,2014,강원,영월군,,,,,,2,,,,,1,
1742,2014,강원,평창군,,,,,,,,1,1,1,,
1743,2014,강원,정선군,,,,,1,1,1,,1,,,
1744,2014,강원,철원군,,,,,2,,,2,3,2,1,2
1745,2014,강원,화천군,,,,,,,,1,3,1,,
1746,2014,강원,양구군,,,,,,,1,2,3,,,
1747,2014,강원,인제군,,,,,,1,,1,,,1,
1748,2014,강원,고성군,,,,,,,1,,,,,
1749,2014,강원,양양군,,,,,,1,,,,,1,
1750,2014,충북,청주시,3,2,4,21,45,30,31,36,52,54,24,22
1751,2014,충북,충주시,,,,5,9,8,11,12,14,13,16,6
1752,2014,충북,제천시,,,,4,4,4,9,5,10,9,1,3
1753,2014,충북,청원군,,,,1,,3,2,1,1,2,1,
1754,2014,충북,보은군,,,,,,2,,3,3,,,
1755,2014,충북,옥천군,,,,,2,3,1,3,2,3,1,1
1756,2014,충북,영동군,,,,2,3,2,3,1,,2,1,
1757,2014,충북,진천군,,,,1,,2,2,3,,3,3,
1758,2014,충북,괴산군,,,,1,,1,1,,2,2,,
1759,2014,충북,음성군,,,,1,3,1,2,3,,6,2,
1760,2014,충북,단양군,,,,,,,,,1,1,,
1761,2014,충북,증평군,,,,1,2,,1,3,4,6,,
1762,2014,충남,천안시,2,2,3,9,7,3,8,5,17,11,12,9
1763,2014,충남,아산시,2,,1,2,,3,3,1,4,2,,2
1764,2014,충남,보령시,,,,1,3,2,1,1,5,1,1,2
1765,2014,충남,공주시,,,,2,2,3,3,4,4,5,,1
1766,2014,충남,서산시,1,1,,3,8,3,7,6,12,8,5,4
1767,2014,충남,금산군,,,,3,,,3,1,3,,,
1768,2014,충남,태안군,,,,,1,,,,2,2,1,
1769,2014,충남,연기군,,,,,,,,,,,,
1770,2014,충남,논산시,,,,2,2,3,4,7,10,13,4,1
1771,2014,충남,부여군,,,,1,3,4,4,6,7,4,2,2
1772,2014,충남,서천군,,,,3,6,1,3,4,2,6,2,
1773,2014,충남,청양군,,,,,3,1,1,1,3,,,
1774,2014,충남,홍성군,,,,1,6,4,,2,2,4,4,
1775,2014,충남,예산군,,,2,,7,2,,5,3,,2,
1776,2014,충남,당진시,,,,1,2,1,,5,5,3,1,
1777,2014,충남,계룡시,,,,,,,,,1,,1,
1778,2014,전북,전주시,4,1,3,13,18,16,22,21,47,30,30,18
1779,2014,전북,군산시,1,1,2,16,24,28,25,24,30,27,14,3
1780,2014,전북,정읍시,,,,3,7,6,5,10,10,13,8,3
1781,2014,전북,남원시,,,1,2,6,7,4,4,6,10,4,3
1782,2014,전북,김제시,,,,2,6,3,3,3,8,10,4,
1783,2014,전북,완주군,,,,1,2,3,2,3,4,3,4,
1784,2014,전북,진안군,,,,,1,1,,,2,,,
1785,2014,전북,무주군,1,,,,1,,,,,,,
1786,2014,전북,장수군,,,,,,,,,2,,1,
1787,2014,전북,임실군,,,,1,,,1,,1,1,,
1788,2014,전북,순창군,,,,1,2,1,2,,,1,1,
1789,2014,전북,고창군,,,,,4,1,,1,3,1,,
1790,2014,전북,부안군,,,,2,5,1,1,2,3,2,1,1
1791,2014,전북,익산시,,1,,17,19,14,18,18,14,24,10,3
1792,2014,전남,목포시,1,1,1,12,14,6,10,9,12,20,8,1
1793,2014,전남,여수시,1,,1,,4,5,2,7,6,7,7,
1794,2014,전남,순천시,,3,,6,10,9,9,13,16,11,6,8
1795,2014,전남,나주시,,,,5,3,2,5,5,8,,2,1
1796,2014,전남,광양시,1,,,4,8,2,4,2,8,4,2,3
1797,2014,전남,담양군,,,1,,1,2,2,2,5,2,,1
1798,2014,전남,곡성군,,,,1,1,,3,5,,2,,1
1799,2014,전남,구례군,,,,1,,1,2,2,1,1,1,
1800,2014,전남,고흥군,,,,,,2,,1,4,1,1,1
1801,2014,전남,보성군,,,,,,4,1,3,2,,1,
1802,2014,전남,화순군,,,,,1,5,1,,3,3,1,2
1803,2014,전남,장흥군,,,,2,,7,,4,,2,1,
1804,2014,전남,강진군,,,,1,1,1,1,1,,1,,1
1805,2014,전남,해남군,,,,,2,1,,1,,,,
1806,2014,전남,영암군,,,,8,,3,1,,4,11,2,4
1807,2014,전남,무안군,,,1,1,5,,,1,5,2,,
1808,2014,전남,함평군,,,,,,,1,2,1,2,,
1809,2014,전남,영광군,,,,,,3,1,4,2,1,1,2
1810,2014,전남,장성군,,,,,3,2,2,1,1,2,,
1811,2014,전남,완도군,,,,,,,1,,3,2,,
1812,2014,전남,진도군,,,,,,,,1,3,2,,
1813,2014,전남,신안군,,,,,,,,,2,,,
1814,2014,경북,포항시,4,2,3,18,30,28,24,32,36,28,17,14
1815,2014,경북,경주시,3,,2,12,25,15,12,16,19,17,19,12
1816,2014,경북,김천시,1,,2,3,9,7,8,4,6,6,6,1
1817,2014,경북,안동시,3,,,5,5,10,5,6,12,8,2,3
1818,2014,경북,구미시,5,3,3,15,22,19,8,19,31,26,18,11
1819,2014,경북,영주시,,,,4,9,7,10,7,12,9,6,
1820,2014,경북,영천시,1,,,,4,3,5,5,3,2,3,
1821,2014,경북,문경시,,,,4,3,3,5,3,5,3,2,1
1822,2014,경북,상주시,1,,1,7,12,10,8,13,12,10,3,2
1823,2014,경북,군위군,,,,,1,,1,1,2,1,,
1824,2014,경북,의성군,,,1,1,1,1,2,,3,3,2,
1825,2014,경북,청송군,,,,,,,,,2,,,
1826,2014,경북,영양군,,,,,1,,1,,,,,
1827,2014,경북,영덕군,,,,,3,2,3,4,,9,1,
1828,2014,경북,청도군,,,,1,,,3,1,2,4,,
1829,2014,경북,고령군,,,,,,1,1,1,4,1,1,1
1830,2014,경북,성주군,,1,,1,1,,5,3,4,4,1,2
1831,2014,경북,칠곡군,,,1,2,4,8,6,4,5,8,2,
1832,2014,경북,예천군,,,,,1,,,2,1,2,,
1833,2014,경북,봉화군,,,,1,,,2,1,2,,,
1834,2014,경북,울진군,,,1,1,2,2,,2,3,1,,
1835,2014,경북,경산시,,,3,11,12,15,10,18,17,17,9,8
1836,2014,경남,진주시,1,,,5,11,13,14,7,15,17,13,6
1837,2014,경남,통영시,,,1,1,4,2,3,,5,4,1,1
1838,2014,경남,김해시,2,1,1,8,24,11,14,19,26,29,11,4
1839,2014,경남,밀양시,1,,,4,6,6,3,3,3,6,1,1
1840,2014,경남,거제시,7,,1,30,4,2,2,4,5,15,14,12
1841,2014,경남,의령군,,,,1,1,2,1,3,,1,,
1842,2014,경남,함안군,,,,,2,1,2,2,3,3,3,
1843,2014,경남,창녕군,,,,1,1,3,5,1,3,1,5,
1844,2014,경남,양산시,2,,2,5,7,8,7,9,15,15,4,3
1845,2014,경남,고성군,,,,1,2,,,2,,2,1,
1846,2014,경남,사천시,2,,1,,2,9,6,7,4,3,1,
1847,2014,경남,남해군,,,,,,1,,3,1,1,,
1848,2014,경남,하동군,,,,1,,1,1,,5,1,1,
1849,2014,경남,산청군,,,,,1,1,,1,3,1,,
1850,2014,경남,함양군,,,,,,3,1,2,2,5,2,
1851,2014,경남,거창군,,,,2,3,4,3,2,7,4,4,1
1852,2014,경남,합천군,,,,,1,,1,4,2,1,,
1853,2014,경남,창원시(통합),5,2,8,30,26,22,19,23,40,32,21,15
1854,2014,제주,제주시,1,1,,15,13,17,12,28,29,27,13,8
1855,2014,제주,서귀포시,1,,1,3,1,1,5,4,9,6,1,2
1856,2015,서울,종로구,1,,1,3,4,3,7,13,8,10,5,4
1857,2015,서울,중구,1,1,2,2,5,1,3,6,3,5,5,5
1858,2015,서울,용산구,1,,1,3,8,10,6,10,12,8,5,5
1859,2015,서울,성동구,6,1,1,8,17,12,12,17,24,30,20,11
1860,2015,서울,동대문구,10,4,3,19,25,29,22,27,45,22,28,19
1861,2015,서울,성북구,1,,3,8,14,9,15,11,17,20,11,14
1862,2015,서울,도봉구,1,1,2,16,13,10,11,12,13,17,12,7
1863,2015,서울,은평구,4,3,2,8,13,12,12,15,19,28,11,12
1864,2015,서울,서대문구,2,1,2,6,6,4,7,10,12,10,4,7
1865,2015,서울,마포구,6,3,2,10,14,21,16,25,33,30,16,13
1866,2015,서울,강서구,5,2,4,11,28,20,17,31,34,26,17,16
1867,2015,서울,구로구,5,1,8,8,21,22,13,20,18,23,16,6
1868,2015,서울,영등포구,13,3,11,19,40,26,25,37,48,51,40,24
1869,2015,서울,동작구,2,3,4,5,16,10,14,9,16,24,13,15
1870,2015,서울,관악구,2,1,3,8,15,9,6,9,19,11,6,7
1871,2015,서울,강남구,7,3,2,7,23,10,15,26,30,22,15,20
1872,2015,서울,강동구,2,2,2,16,18,16,18,19,39,28,28,17
1873,2015,서울,송파구,13,4,10,43,55,35,35,43,61,46,42,35
1874,2015,서울,서초구,3,1,,6,13,10,7,9,14,19,10,10
1875,2015,서울,양천구,5,,7,12,23,22,14,28,29,23,13,11
1876,2015,서울,중랑구,6,5,6,16,27,19,17,20,33,28,36,11
1877,2015,서울,노원구,8,1,7,14,21,14,21,19,29,35,20,17
1878,2015,서울,광진구,7,2,5,11,28,15,17,20,27,19,16,16
1879,2015,서울,강북구,2,1,2,9,12,16,11,12,24,19,10,11
1880,2015,서울,금천구,3,1,1,3,10,6,4,7,10,6,14,7
1881,2015,부산,중구,,,1,1,1,,,,,3,,2
1882,2015,부산,서구,,,1,,1,2,3,2,2,4,1,
1883,2015,부산,동구,,,,2,3,5,,1,1,1,2,
1884,2015,부산,영도구,,,,1,1,1,3,2,3,,2,1
1885,2015,부산,진구,1,3,,4,3,6,9,4,6,4,3,3
1886,2015,부산,동래구,1,1,1,8,7,10,10,6,13,12,12,1
1887,2015,부산,남구,3,,,4,7,4,6,7,10,11,6,2
1888,2015,부산,북구,,,,1,3,6,2,3,3,2,3,3
1889,2015,부산,해운대구,1,,3,2,8,4,5,7,9,12,8,3
1890,2015,부산,사하구,2,1,,5,5,5,6,10,7,8,3,3
1891,2015,부산,금정구,3,,,2,4,6,4,6,7,9,3,5
1892,2015,부산,강서구,,,1,2,1,3,1,3,9,2,1,2
1893,2015,부산,연제구,1,1,,3,7,2,2,8,5,4,3,1
1894,2015,부산,수영구,2,1,2,4,1,5,8,11,11,8,11,8
1895,2015,부산,사상구,4,,1,6,9,8,6,4,9,4,2,3
1896,2015,부산,기장군,,,,,,4,1,4,3,,,
1897,2015,대구,중구,3,,,5,17,18,15,13,19,14,13,4
1898,2015,대구,동구,1,,1,13,18,17,19,31,36,41,17,8
1899,2015,대구,서구,,2,3,25,24,7,6,19,21,27,15,6
1900,2015,대구,남구,,,1,9,15,12,11,18,13,14,10,6
1901,2015,대구,북구,3,1,7,30,51,27,35,42,43,48,25,14
1902,2015,대구,수성구,7,4,1,12,26,23,27,33,37,36,21,21
1903,2015,대구,달서구,6,3,5,38,37,17,32,49,64,66,44,22
1904,2015,대구,달성군,2,1,2,7,4,11,6,14,17,9,14,3
1905,2015,인천,중구,,,1,3,4,2,,3,2,5,4,1
1906,2015,인천,동구,,,1,2,2,1,1,2,1,2,3,
1907,2015,인천,남구,3,1,3,7,3,6,8,5,9,10,4,4
1908,2015,인천,부평구,2,3,5,12,15,13,14,16,14,18,12,5
1909,2015,인천,남동구,3,1,5,12,18,11,11,16,17,15,19,5
1910,2015,인천,서구,,,1,12,11,7,5,5,14,19,14,3
1911,2015,인천,연수구,2,,3,9,10,8,9,11,13,8,7,1
1912,2015,인천,계양구,,1,1,13,14,9,15,12,16,15,6,5
1913,2015,인천,강화군,,,,,1,3,2,6,4,2,,
1914,2015,인천,옹진군,,,,1,,,,,1,,,
1915,2015,광주,동구,1,1,2,2,4,5,2,9,5,2,3,2
1916,2015,광주,서구,1,,3,9,8,10,4,12,13,10,5,1
1917,2015,광주,북구,2,1,1,5,25,9,13,12,16,21,6,13
1918,2015,광주,광산구,1,,4,4,15,7,12,10,26,19,13,3
1919,2015,광주,남구,1,1,,,6,3,4,6,10,9,3,1
1920,2015,대전,동구,1,,1,10,12,8,10,12,13,11,5,4
1921,2015,대전,중구,2,1,2,10,13,16,16,13,17,23,18,9
1922,2015,대전,서구,5,1,4,14,28,15,10,15,25,29,18,11
1923,2015,대전,유성구,1,,1,6,20,5,7,14,12,24,14,7
1924,2015,대전,대덕구,,2,,9,7,3,6,11,9,8,8,3
1925,2015,울산,중구,2,1,5,10,13,9,8,15,13,10,12,4
1926,2015,울산,남구,7,2,2,9,16,13,14,18,21,13,10,9
1927,2015,울산,동구,1,,2,11,,1,4,5,2,6,3,1
1928,2015,울산,북구,3,3,3,13,6,3,3,18,8,8,9,5
1929,2015,울산,울주군,1,1,,4,6,7,3,4,5,8,7,2
1930,2015,세종,세종,3,,1,2,4,4,6,2,8,4,1,1
1931,2015,경기,수원시,15,4,9,26,63,46,47,47,72,66,44,31
1932,2015,경기,성남시,3,1,6,15,26,19,18,19,30,41,35,15
1933,2015,경기,의정부시,3,1,2,8,13,13,19,12,24,20,10,7
1934,2015,경기,안양시,5,2,2,18,41,19,25,24,32,31,13,15
1935,2015,경기,부천시,12,5,6,19,60,31,43,33,52,54,33,35
1936,2015,경기,안산시,11,1,12,23,51,31,23,31,65,81,59,25
1937,2015,경기,평택시,5,1,4,13,18,11,7,21,23,18,14,8
1938,2015,경기,광명시,1,1,3,8,16,8,9,18,15,22,9,8
1939,2015,경기,구리시,1,,1,4,10,3,4,5,6,13,4,3
1940,2015,경기,양주시,,,,4,2,3,5,7,8,18,3,2
1941,2015,경기,여주시,,,1,1,3,3,5,3,9,5,5,1
1942,2015,경기,화성시,2,,5,9,12,5,7,15,16,24,13,6
1943,2015,경기,시흥시,4,,6,12,15,8,17,10,20,22,18,8
1944,2015,경기,파주시,1,1,2,9,14,9,9,9,11,15,9,10
1945,2015,경기,고양시,8,3,5,22,45,35,29,44,66,68,32,24
1946,2015,경기,광주시,,,1,2,5,5,2,4,9,6,1,1
1947,2015,경기,연천군,,,,,6,2,1,1,2,2,1,1
1948,2015,경기,포천시,,1,1,1,3,2,2,2,3,8,4,2
1949,2015,경기,가평군,,,,,3,1,4,9,5,3,1,
1950,2015,경기,양평군,,,2,1,8,5,13,9,4,2,1,2
1951,2015,경기,이천시,1,,,3,4,2,5,6,5,9,3,6
1952,2015,경기,용인시,2,3,1,8,29,11,14,22,16,28,18,5
1953,2015,경기,안성시,,,,,4,4,4,8,10,5,1,3
1954,2015,경기,김포시,3,,2,2,10,7,10,10,24,8,9,2
1955,2015,경기,동두천시,1,,1,2,9,5,5,5,9,9,5,3
1956,2015,경기,과천시,,1,,,5,2,3,2,2,2,3,2
1957,2015,경기,군포시,,2,,8,14,3,3,7,8,16,12,4
1958,2015,경기,남양주시,1,1,3,6,11,9,19,15,23,18,6,3
1959,2015,경기,오산시,2,1,,6,13,4,4,7,16,18,9,6
1960,2015,경기,의왕시,1,,1,4,7,3,5,5,5,8,3,2
1961,2015,경기,하남시,,,,3,18,15,12,19,17,18,6,4
1962,2015,강원,춘천시,4,,2,9,21,17,13,24,20,13,8,6
1963,2015,강원,원주시,2,,4,6,16,7,12,14,22,10,10,8
1964,2015,강원,동해시,,,,,1,3,5,6,4,6,,
1965,2015,강원,강릉시,,,1,4,15,9,6,12,13,8,9,1
1966,2015,강원,속초시,1,,,1,3,2,4,3,2,4,1,
1967,2015,강원,태백시,,,1,,2,1,,1,1,1,,
1968,2015,강원,삼척시,,,,,3,1,6,8,5,1,1,1
1969,2015,강원,홍천군,,,,,1,1,4,,2,2,,
1970,2015,강원,횡성군,,,,,,,2,1,2,1,,
1971,2015,강원,영월군,,,,,,,,,,1,,1
1972,2015,강원,평창군,,,,1,,,1,1,,,1,
1973,2015,강원,정선군,,,,,1,,,,3,,,
1974,2015,강원,철원군,1,,,,1,,1,,3,3,,1
1975,2015,강원,화천군,,,,,,,1,,,,,
1976,2015,강원,양구군,,,,,,,1,1,,1,,
1977,2015,강원,인제군,,,,,,,,,,,,
1978,2015,강원,고성군,,,,,,,,,1,1,,
1979,2015,강원,양양군,,,,,2,,2,1,1,2,,1
1980,2015,충북,청주시,5,3,8,24,50,35,24,48,79,51,35,22
1981,2015,충북,충주시,1,1,1,8,13,10,15,15,24,20,5,6
1982,2015,충북,제천시,,,1,6,8,4,4,10,6,9,1,2
1983,2015,충북,청원군,,,,,,,,,,,,
1984,2015,충북,보은군,,,,1,7,,1,,2,1,,1
1985,2015,충북,옥천군,,,,1,1,,3,,1,,,
1986,2015,충북,영동군,,,,1,2,1,2,1,3,1,,
1987,2015,충북,진천군,,,1,1,1,,3,2,6,6,,1
1988,2015,충북,괴산군,,,,,,1,2,1,,,,
1989,2015,충북,음성군,1,,1,,,3,2,2,2,2,3,
1990,2015,충북,단양군,,,,,,,,,1,,,
1991,2015,충북,증평군,,,,,,3,1,4,3,6,2,1
1992,2015,충남,천안시,2,1,1,4,9,11,13,16,21,19,15,11
1993,2015,충남,아산시,,1,3,5,6,1,4,9,4,8,4,1
1994,2015,충남,보령시,,1,,2,3,8,3,1,8,12,2,2
1995,2015,충남,공주시,,1,,2,2,2,2,4,5,3,1,2
1996,2015,충남,서산시,,,1,2,6,3,3,2,9,7,3,3
1997,2015,충남,금산군,,,1,,,2,,3,4,3,,
1998,2015,충남,태안군,,,,1,1,,,,1,,,
1999,2015,충남,연기군,,,,,,,,,,,,
2000,2015,충남,논산시,1,1,,,3,5,9,3,8,4,2,1
2001,2015,충남,부여군,,,1,1,4,2,3,2,3,1,4,1
2002,2015,충남,서천군,,,1,2,3,2,3,3,,2,,
2003,2015,충남,청양군,,,,,1,4,1,2,1,,1,
2004,2015,충남,홍성군,,,,,2,1,2,2,4,2,4,
2005,2015,충남,예산군,,,2,2,5,,1,5,2,,1,
2006,2015,충남,당진시,1,,,2,2,1,2,4,5,3,1,1
2007,2015,충남,계룡시,,,,,1,,,,2,1,,
2008,2015,전북,전주시,4,,3,7,19,19,6,17,28,24,9,10
2009,2015,전북,군산시,,,2,14,17,26,25,20,37,24,17,3
2010,2015,전북,정읍시,,,1,2,13,8,5,7,16,10,7,2
2011,2015,전북,남원시,,1,,1,5,1,5,6,9,6,4,2
2012,2015,전북,김제시,,,,2,2,5,2,3,7,6,3,3
2013,2015,전북,완주군,,1,,5,3,1,2,1,4,5,1,
2014,2015,전북,진안군,,,,,,,,1,,,,
2015,2015,전북,무주군,,,,,,,,,,,,
2016,2015,전북,장수군,,,,,2,1,,,,1,,
2017,2015,전북,임실군,,,,,1,1,,2,2,2,1,
2018,2015,전북,순창군,,,,,1,,3,1,2,1,3,
2019,2015,전북,고창군,,,1,,1,,1,1,2,1,,
2020,2015,전북,부안군,,,,2,3,4,2,3,4,1,3,1
2021,2015,전북,익산시,1,,,7,16,7,5,10,20,19,11,8
2022,2015,전남,목포시,2,1,1,9,12,5,7,14,8,10,7,7
2023,2015,전남,여수시,,,,1,2,3,3,9,6,4,2,1
2024,2015,전남,순천시,,1,1,2,10,7,7,16,10,7,4,5
2025,2015,전남,나주시,1,,,3,4,5,3,4,5,4,1,
2026,2015,전남,광양시,,,2,3,3,8,2,5,8,6,4,1
2027,2015,전남,담양군,,,,3,2,3,4,8,7,2,,
2028,2015,전남,곡성군,1,,,1,2,2,1,2,3,1,2,
2029,2015,전남,구례군,,,,2,,,1,2,1,,,
2030,2015,전남,고흥군,,,1,,2,3,,1,2,1,2,
2031,2015,전남,보성군,,,,1,2,1,1,2,2,2,1,
2032,2015,전남,화순군,,,1,,1,4,1,3,2,,1,1
2033,2015,전남,장흥군,,,,,2,2,1,,2,4,5,
2034,2015,전남,강진군,,,,,,3,1,2,4,1,,
2035,2015,전남,해남군,,,,1,,1,,,1,1,,
2036,2015,전남,영암군,1,,1,5,1,,3,2,1,16,1,1
2037,2015,전남,무안군,,,,,,1,1,1,2,3,2,
2038,2015,전남,함평군,,,,,,2,,3,1,,,
2039,2015,전남,영광군,,,,1,,1,,,1,1,1,
2040,2015,전남,장성군,,,1,1,1,2,2,2,1,,1,1
2041,2015,전남,완도군,,,,,2,3,1,2,,,,1
2042,2015,전남,진도군,,,,,1,,,,1,,,
2043,2015,전남,신안군,,,,,,,,,1,,,
2044,2015,경북,포항시,1,,3,26,29,21,25,28,36,41,30,13
2045,2015,경북,경주시,4,,1,5,22,9,14,14,20,26,20,16
2046,2015,경북,김천시,1,,1,4,4,3,1,5,5,8,6,5
2047,2015,경북,안동시,,,1,2,12,6,8,15,10,10,7,1
2048,2015,경북,구미시,2,1,3,17,25,16,19,24,28,33,16,11
2049,2015,경북,영주시,,,1,6,17,13,5,11,12,11,5,
2050,2015,경북,영천시,,,,1,3,5,1,1,4,3,5,
2051,2015,경북,문경시,,,,,7,2,5,5,5,3,1,2
2052,2015,경북,상주시,1,,1,4,8,10,11,13,17,14,7,4
2053,2015,경북,군위군,,,,,,,1,,1,1,,1
2054,2015,경북,의성군,,,1,1,1,1,1,2,,4,3,1
2055,2015,경북,청송군,1,,,,,2,,,,,,
2056,2015,경북,영양군,,,,,,,1,1,,,,
2057,2015,경북,영덕군,,,,1,,1,3,3,1,,2,1
2058,2015,경북,청도군,,,,,2,1,1,5,1,1,,
2059,2015,경북,고령군,,,,2,5,1,4,,1,2,3,1
2060,2015,경북,성주군,1,,,2,4,2,5,2,2,1,2,
2061,2015,경북,칠곡군,1,1,,6,3,6,7,8,5,5,2,2
2062,2015,경북,예천군,,,,,4,,2,3,4,1,,
2063,2015,경북,봉화군,,,,1,1,,,1,,,,
2064,2015,경북,울진군,,,1,,1,1,2,,3,2,,1
2065,2015,경북,경산시,,1,7,10,13,8,12,18,16,22,14,11
2066,2015,경남,진주시,2,2,1,3,8,9,14,12,10,21,4,6
2067,2015,경남,통영시,1,,,2,3,3,4,2,6,5,4,2
2068,2015,경남,김해시,2,1,4,12,17,15,9,18,18,23,14,9
2069,2015,경남,밀양시,,1,,2,1,3,2,4,5,7,2,3
2070,2015,경남,거제시,4,1,,32,3,6,5,4,11,16,13,10
2071,2015,경남,의령군,,,,,2,2,1,,,1,,
2072,2015,경남,함안군,,,1,2,2,4,2,2,3,1,,
2073,2015,경남,창녕군,,,,,2,,2,1,7,5,2,
2074,2015,경남,양산시,2,,,6,15,9,6,14,20,14,5,7
2075,2015,경남,고성군,,,,1,1,2,2,2,,2,1,
2076,2015,경남,사천시,,1,2,8,5,7,5,9,9,3,1,3
2077,2015,경남,남해군,,,,,1,1,2,,1,2,1,
2078,2015,경남,하동군,,,,2,,,2,2,1,,1,
2079,2015,경남,산청군,,,,1,,,1,1,,,,
2080,2015,경남,함양군,,,,,5,1,3,2,4,2,,1
2081,2015,경남,거창군,1,,,1,4,1,3,4,4,7,3,
2082,2015,경남,합천군,,,,,1,1,,,2,2,1,
2083,2015,경남,창원시(통합),2,,5,26,24,29,22,18,27,20,30,13
2084,2015,제주,제주시,2,1,3,5,17,19,18,12,40,27,12,5
2085,2015,제주,서귀포시,1,,,2,5,3,3,7,10,8,4,2
2086,2016,서울,종로구,1,,3,6,3,5,8,5,5,5,6,3
2087,2016,서울,중구,2,,,3,,1,3,6,4,2,3,2
2088,2016,서울,용산구,1,,2,5,4,4,7,14,13,7,5,5
2089,2016,서울,성동구,,,3,7,9,17,9,15,22,13,15,13
2090,2016,서울,동대문구,5,2,7,18,31,30,19,26,30,29,23,18
2091,2016,서울,성북구,2,1,2,9,14,10,12,9,12,7,8,8
2092,2016,서울,도봉구,1,2,3,12,14,13,8,18,15,16,21,8
2093,2016,서울,은평구,1,,5,4,21,9,7,10,18,8,13,9
2094,2016,서울,서대문구,3,,1,3,6,10,5,7,4,7,11,5
2095,2016,서울,마포구,6,3,4,7,14,17,13,13,21,13,14,14
2096,2016,서울,강서구,3,4,10,16,23,11,24,20,18,24,17,12
2097,2016,서울,구로구,7,2,7,16,13,15,16,21,30,23,16,6
2098,2016,서울,영등포구,7,6,10,17,30,19,36,30,47,29,39,21
2099,2016,서울,동작구,3,,3,7,15,6,5,18,13,11,15,9
2100,2016,서울,관악구,1,1,1,7,7,4,7,4,12,11,8,6
2101,2016,서울,강남구,8,,1,9,11,13,10,23,18,16,8,14
2102,2016,서울,강동구,3,2,8,14,28,21,28,22,28,26,20,16
2103,2016,서울,송파구,6,4,4,26,51,33,36,45,64,38,38,30
2104,2016,서울,서초구,1,1,1,9,17,6,10,10,10,17,14,7
2105,2016,서울,양천구,5,2,4,18,21,15,14,17,28,29,19,14
2106,2016,서울,중랑구,12,4,7,11,22,11,23,21,26,24,20,10
2107,2016,서울,노원구,3,3,9,14,24,13,18,22,26,21,14,6
2108,2016,서울,광진구,6,,1,9,15,11,7,13,19,10,19,10
2109,2016,서울,강북구,,,5,8,14,12,8,9,20,15,7,5
2110,2016,서울,금천구,4,,4,6,6,4,4,5,7,7,4,
2111,2016,부산,중구,,,,2,1,,1,1,,2,1,
2112,2016,부산,서구,1,,2,1,3,1,2,2,4,2,3,
2113,2016,부산,동구,,,,1,4,,5,1,1,1,,
2114,2016,부산,영도구,,,,,2,2,2,3,2,1,,3
2115,2016,부산,진구,,,1,9,3,7,4,1,7,6,2,2
2116,2016,부산,동래구,1,,,4,7,7,8,10,16,15,6,5
2117,2016,부산,남구,,1,2,1,4,8,3,6,11,4,4,4
2118,2016,부산,북구,,,,1,2,,4,2,10,6,1,2
2119,2016,부산,해운대구,,1,,1,9,5,5,9,9,7,7,6
2120,2016,부산,사하구,,,2,9,3,8,5,5,8,2,4,1
2121,2016,부산,금정구,,2,,3,4,3,4,4,2,4,4,2
2122,2016,부산,강서구,1,,,1,1,2,4,1,3,4,1,1
2123,2016,부산,연제구,,1,,1,3,6,5,3,5,5,3,2
2124,2016,부산,수영구,3,1,1,3,7,2,5,7,11,9,8,4
2125,2016,부산,사상구,1,,1,5,3,9,5,8,4,6,5,1
2126,2016,부산,기장군,,,1,,2,,1,3,3,2,,1
2127,2016,대구,중구,2,1,5,5,12,12,11,7,16,6,4,12
2128,2016,대구,동구,,,2,10,24,14,18,13,19,25,12,10
2129,2016,대구,서구,1,3,3,9,14,11,13,19,20,25,12,6
2130,2016,대구,남구,1,2,1,6,13,12,9,5,5,21,4,3
2131,2016,대구,북구,1,4,5,18,34,31,23,32,47,37,32,7
2132,2016,대구,수성구,3,2,4,13,20,13,27,22,26,22,16,18
2133,2016,대구,달서구,5,2,9,33,32,23,20,36,44,45,35,14
2134,2016,대구,달성군,,1,1,3,7,7,11,16,13,15,6,1
2135,2016,인천,중구,1,2,,2,1,4,2,3,5,,1,1
2136,2016,인천,동구,,,,,2,2,1,,3,1,,
2137,2016,인천,남구,1,,3,5,4,3,,2,17,7,2,
2138,2016,인천,부평구,4,1,6,9,11,9,8,10,19,12,9,8
2139,2016,인천,남동구,,2,4,5,14,4,9,10,9,16,11,6
2140,2016,인천,서구,2,2,,4,15,6,5,6,9,17,6,3
2141,2016,인천,연수구,,,,8,9,2,4,13,8,12,7,2
2142,2016,인천,계양구,2,,3,6,9,8,8,13,15,6,8,2
2143,2016,인천,강화군,,,,,2,2,1,,3,1,2,1
2144,2016,인천,옹진군,,,,,,,,1,,,,
2145,2016,광주,동구,,1,,2,6,1,5,5,6,3,2,1
2146,2016,광주,서구,1,2,4,4,11,8,2,7,13,8,1,1
2147,2016,광주,북구,3,1,3,14,20,9,7,8,19,20,6,6
2148,2016,광주,광산구,2,,1,9,23,9,13,14,18,16,11,4
2149,2016,광주,남구,,,,4,8,2,5,5,6,3,1,2
2150,2016,대전,동구,1,,2,16,7,15,7,15,13,10,12,3
2151,2016,대전,중구,1,1,2,10,9,22,8,12,12,22,11,7
2152,2016,대전,서구,4,1,3,10,29,14,10,17,23,21,12,10
2153,2016,대전,유성구,2,1,3,8,10,6,9,16,13,14,11,8
2154,2016,대전,대덕구,,,1,6,7,10,11,7,9,8,4,2
2155,2016,울산,중구,4,,4,5,9,6,8,12,14,18,9,9
2156,2016,울산,남구,,1,4,10,13,8,9,12,12,13,5,8
2157,2016,울산,동구,1,,,5,1,2,,1,2,4,1,3
2158,2016,울산,북구,4,1,3,8,5,4,5,9,4,10,3,1
2159,2016,울산,울주군,,,,1,6,5,3,3,8,3,3,3
2160,2016,세종,세종,,1,,3,4,1,2,6,6,8,2,4
2161,2016,경기,수원시,5,6,10,28,78,32,36,37,70,54,42,24
2162,2016,경기,성남시,7,2,4,9,27,19,21,22,27,28,20,8
2163,2016,경기,의정부시,1,,1,3,11,5,15,10,26,19,5,6
2164,2016,경기,안양시,4,1,9,15,21,23,20,22,24,26,20,16
2165,2016,경기,부천시,9,4,12,16,63,25,20,49,46,45,33,19
2166,2016,경기,안산시,2,3,10,39,49,19,32,31,56,47,46,27
2167,2016,경기,평택시,2,,4,10,21,9,12,9,24,35,14,4
2168,2016,경기,광명시,1,,4,4,11,9,10,13,10,13,12,5
2169,2016,경기,구리시,1,,,4,9,5,2,8,5,7,2,5
2170,2016,경기,양주시,,,2,2,7,3,5,4,5,5,6,1
2171,2016,경기,여주시,,,,3,4,3,2,4,3,2,3,1
2172,2016,경기,화성시,1,,1,6,15,9,5,17,18,10,14,4
2173,2016,경기,시흥시,5,1,2,14,21,9,12,13,21,19,13,5
2174,2016,경기,파주시,,1,,7,13,17,9,8,12,13,9,6
2175,2016,경기,고양시,7,2,3,18,48,31,26,34,43,52,18,13
2176,2016,경기,광주시,1,,1,2,6,1,2,4,8,3,1,2
2177,2016,경기,연천군,,,,,1,2,3,,5,1,1,
2178,2016,경기,포천시,,,1,2,2,,3,3,6,4,1,3
2179,2016,경기,가평군,1,,,,4,7,4,1,8,8,,1
2180,2016,경기,양평군,,,,2,6,7,10,1,10,6,,1
2181,2016,경기,이천시,,,2,3,6,2,2,3,12,12,5,1
2182,2016,경기,용인시,2,1,2,12,18,9,9,22,28,26,16,10
2183,2016,경기,안성시,1,,,6,8,4,3,4,7,8,10,1
2184,2016,경기,김포시,,,3,2,8,8,10,7,19,13,5,
2185,2016,경기,동두천시,,,,5,3,7,2,3,3,6,2,
2186,2016,경기,과천시,,1,,,4,,3,1,,5,2,
2187,2016,경기,군포시,,,2,1,11,3,2,4,5,5,2,2
2188,2016,경기,남양주시,2,1,1,4,24,16,15,29,27,20,14,8
2189,2016,경기,오산시,2,,1,6,9,7,3,9,13,12,9,2
2190,2016,경기,의왕시,,,1,3,6,6,4,5,4,3,3,
2191,2016,경기,하남시,5,1,,9,18,5,10,6,11,10,7,3
2192,2016,강원,춘천시,2,,,2,17,8,19,14,20,22,6,4
2193,2016,강원,원주시,1,,3,5,13,2,12,16,12,19,5,6
2194,2016,강원,동해시,,,1,1,4,4,3,4,4,4,1,
2195,2016,강원,강릉시,2,1,2,2,6,6,7,13,12,7,4,2
2196,2016,강원,속초시,,,,1,3,2,1,3,2,2,1,
2197,2016,강원,태백시,,,,,,,,,,,,
2198,2016,강원,삼척시,,,,1,3,2,3,5,2,1,,1
2199,2016,강원,홍천군,,,,,3,3,3,4,2,2,1,
2200,2016,강원,횡성군,,,,1,1,2,1,3,1,1,,
2201,2016,강원,영월군,,,,,1,,,1,2,1,,
2202,2016,강원,평창군,,,,1,1,1,,1,1,,,
2203,2016,강원,정선군,,,,,,,,1,1,,,
2204,2016,강원,철원군,,,1,,,1,,1,2,3,1,
2205,2016,강원,화천군,,,,1,2,1,,2,1,2,,
2206,2016,강원,양구군,,,,,,,2,,,2,,
2207,2016,강원,인제군,,,,,1,1,1,,,,,
2208,2016,강원,고성군,,,,,,1,,1,1,,,
2209,2016,강원,양양군,,,,,,1,,1,1,,,
2210,2016,충북,청주시,5,1,9,24,35,24,30,40,53,63,31,13
2211,2016,충북,충주시,2,1,1,7,11,13,11,22,18,16,3,1
2212,2016,충북,제천시,,,,2,7,3,6,1,4,4,2,1
2213,2016,충북,청원군,,,,,,,,,,,,
2214,2016,충북,보은군,,,,,,,,,,,,
2215,2016,충북,옥천군,,,,,3,1,,1,1,,1,1
2216,2016,충북,영동군,,,,2,3,,1,2,2,1,2,
2217,2016,충북,진천군,,,1,2,1,1,,5,,2,1,1
2218,2016,충북,괴산군,,1,,1,,1,3,2,,2,,1
2219,2016,충북,음성군,,,,2,3,2,2,1,2,2,1,
2220,2016,충북,단양군,,,,,1,,,2,2,,,
2221,2016,충북,증평군,,,,2,5,,3,3,7,6,4,
2222,2016,충남,천안시,2,1,,14,11,7,11,10,7,13,5,8
2223,2016,충남,아산시,1,,3,4,8,4,2,8,15,12,4,
2224,2016,충남,보령시,1,,,2,5,2,2,4,8,5,2,
2225,2016,충남,공주시,,,1,3,3,9,3,3,4,8,5,
2226,2016,충남,서산시,2,,,6,8,2,3,4,5,7,1,
2227,2016,충남,금산군,,,,1,2,1,,,,3,,
2228,2016,충남,태안군,,,,1,1,,1,1,1,,1,
2229,2016,충남,연기군,,,,,,,,,,,,
2230,2016,충남,논산시,,,,3,1,,3,3,1,6,4,1
2231,2016,충남,부여군,,,,1,7,1,2,4,2,3,,
2232,2016,충남,서천군,,,,1,3,1,5,5,5,3,3,1
2233,2016,충남,청양군,1,,,,1,1,1,,2,3,,
2234,2016,충남,홍성군,,,,,,1,4,3,3,1,,1
2235,2016,충남,예산군,,,,3,,1,,,2,2,2,
2236,2016,충남,당진시,,,,2,2,2,3,4,1,6,2,
2237,2016,충남,계룡시,,,,,,,,3,1,,,
2238,2016,전북,전주시,7,1,4,8,21,11,6,18,15,14,15,3
2239,2016,전북,군산시,1,1,2,13,9,10,12,21,18,16,11,7
2240,2016,전북,정읍시,,,1,2,6,8,4,5,9,5,5,
2241,2016,전북,남원시,,,2,5,9,6,4,6,9,10,3,1
2242,2016,전북,김제시,,,1,3,2,1,3,4,4,1,3,1
2243,2016,전북,완주군,,,,,1,,1,7,2,5,4,
2244,2016,전북,진안군,,,,,3,,2,,1,,,
2245,2016,전북,무주군,,,,,1,,1,2,,2,,
2246,2016,전북,장수군,,,,,,,,,1,1,,
2247,2016,전북,임실군,,1,,1,,,,1,1,1,,
2248,2016,전북,순창군,,,,,3,4,,,,1,,
2249,2016,전북,고창군,,,,,2,1,,,2,2,1,1
2250,2016,전북,부안군,,,1,,1,1,1,3,3,2,1,
2251,2016,전북,익산시,,,3,5,21,18,8,11,20,16,8,1
2252,2016,전남,목포시,,,1,4,10,8,9,16,14,10,8,2
2253,2016,전남,여수시,,,1,1,9,7,2,2,9,8,1,1
2254,2016,전남,순천시,,,1,1,9,4,5,8,12,9,8,3
2255,2016,전남,나주시,,,1,3,2,1,2,5,1,4,1,1
2256,2016,전남,광양시,,,1,2,2,3,3,4,4,4,4,2
2257,2016,전남,담양군,,,1,1,2,4,2,4,3,5,1,
2258,2016,전남,곡성군,,,,1,1,1,1,1,1,2,,1
2259,2016,전남,구례군,,,,1,2,1,1,,,,,
2260,2016,전남,고흥군,,,,1,,1,,1,6,,2,
2261,2016,전남,보성군,,,,,,,1,,3,2,,
2262,2016,전남,화순군,1,1,,1,,,,2,4,1,,1
2263,2016,전남,장흥군,,,,,4,2,,2,,2,,1
2264,2016,전남,강진군,,,,,4,,,1,5,1,,
2265,2016,전남,해남군,,,,1,,,3,1,2,1,1,
2266,2016,전남,영암군,,,,3,1,3,1,,3,4,3,
2267,2016,전남,무안군,,,,,,,1,3,2,,1,1
2268,2016,전남,함평군,,,,,,1,1,1,,1,,
2269,2016,전남,영광군,,,,,,2,1,2,2,,,
2270,2016,전남,장성군,,,1,1,2,4,1,1,1,3,2,
2271,2016,전남,완도군,,,,1,,,2,1,,,,
2272,2016,전남,진도군,,,,,,1,,,,1,,
2273,2016,전남,신안군,,,,1,,1,,1,,,,
2274,2016,경북,포항시,2,2,5,14,23,28,28,24,37,39,23,12
2275,2016,경북,경주시,,2,2,10,16,12,12,13,27,18,19,4
2276,2016,경북,김천시,1,,,2,9,4,6,2,6,6,3,
2277,2016,경북,안동시,,,,2,3,7,8,9,9,8,2,2
2278,2016,경북,구미시,2,,1,8,25,8,15,21,19,29,20,7
2279,2016,경북,영주시,2,,2,3,11,6,3,6,7,9,4,5
2280,2016,경북,영천시,,,,2,5,4,2,5,3,4,1,
2281,2016,경북,문경시,,,,2,7,3,3,4,3,4,1,
2282,2016,경북,상주시,,,2,3,11,8,13,14,13,12,6,3
2283,2016,경북,군위군,,,,2,2,,,,,1,,
2284,2016,경북,의성군,,,,,2,1,1,,5,4,1,
2285,2016,경북,청송군,,,,,,,1,,,,,
2286,2016,경북,영양군,,,,,,,,,1,,,
2287,2016,경북,영덕군,,,,3,5,,5,1,6,4,1,
2288,2016,경북,청도군,,,,,2,,1,2,6,1,,
2289,2016,경북,고령군,,,,,1,2,,5,3,4,2,1
2290,2016,경북,성주군,,,,1,3,2,,1,4,3,2,
2291,2016,경북,칠곡군,1,,1,3,3,5,1,7,4,4,4,3
2292,2016,경북,예천군,,,,2,1,2,1,,1,3,1,
2293,2016,경북,봉화군,,,,1,,,,,1,,,
2294,2016,경북,울진군,,,,,2,2,,2,2,1,,2
2295,2016,경북,경산시,3,1,1,12,12,14,12,11,19,10,10,7
2296,2016,경남,진주시,2,1,,7,10,10,11,10,13,10,5,4
2297,2016,경남,통영시,,,,1,3,2,2,2,,6,2,1
2298,2016,경남,김해시,2,2,2,11,10,10,10,14,21,20,14,12
2299,2016,경남,밀양시,,,,1,7,3,7,5,3,4,1,1
2300,2016,경남,거제시,1,1,2,27,4,4,2,4,10,16,15,3
2301,2016,경남,의령군,,,,1,,1,,3,,3,,
2302,2016,경남,함안군,,,,2,2,,1,,2,2,1,1
2303,2016,경남,창녕군,,,,3,2,2,4,4,4,2,3,1
2304,2016,경남,양산시,,,2,6,15,8,8,8,23,11,4,3
2305,2016,경남,고성군,,,,,6,,,2,2,1,,
2306,2016,경남,사천시,,,1,4,2,1,3,8,4,3,1,1
2307,2016,경남,남해군,,,,,1,,,,1,1,,
2308,2016,경남,하동군,,,,,2,,,1,1,,,
2309,2016,경남,산청군,,,,,1,1,,1,,,1,
2310,2016,경남,함양군,,,,,4,1,1,1,2,3,2,
2311,2016,경남,거창군,,,,,5,,3,3,3,4,2,1
2312,2016,경남,합천군,,,,,,1,,,3,,2,
2313,2016,경남,창원시(통합),2,1,1,18,27,30,13,21,32,30,23,7
2314,2016,제주,제주시,2,1,2,4,26,10,8,19,24,18,6,3
2315,2016,제주,서귀포시,,,,2,4,3,4,7,8,7,3,
